bowlerName,overs,maidens,runs,wickets,economy,dots,fours,sixes,wides,no_balls,inningbowled,avg_bowling_economy,bowling SR,avg_bowling_strike,bowling_avg,average_bowling_avg,dot_ball_percentage,average_dot_ball_%
Aayan Afzal Khan,3.0,0,15,1,5.0,8,1,0,0,0,3,4.61,18.0,18.0,15.0,15.5,44.44,41.67
Aayan Afzal Khan,2.0,0,7,0,3.5,5,0,0,0,0,3,4.61,0.0,18.0,0.0,15.5,41.67,41.67
Aayan Afzal Khan,3.0,0,16,1,5.33,7,1,0,0,0,3,4.61,18.0,18.0,16.0,15.5,38.89,41.67
Adam Zampa,4.0,0,19,2,4.75,9,1,0,0,0,3,6.67,12.0,16.0,9.5,19.83,37.5,33.33
Adam Zampa,4.0,0,39,1,9.75,4,2,2,1,0,3,6.67,24.0,16.0,39.0,19.83,16.67,33.33
Adam Zampa,4.0,0,22,2,5.5,11,1,0,0,0,3,6.67,12.0,16.0,11.0,19.83,45.83,33.33
Adil Rashid,4.0,0,33,0,8.25,6,0,2,0,0,6,6.12,0.0,20.0,0.0,15.67,25.0,31.25
Adil Rashid,4.0,1,22,2,5.5,10,1,0,1,0,6,6.12,12.0,20.0,11.0,15.67,41.67,31.25
Adil Rashid,4.0,0,32,0,8.0,4,1,1,0,0,6,6.12,0.0,20.0,0.0,15.67,16.67,31.25
Adil Rashid,4.0,0,16,1,4.0,11,0,0,0,0,6,6.12,24.0,20.0,16.0,15.67,45.83,31.25
Adil Rashid,4.0,0,24,0,6.0,6,1,0,0,0,6,6.12,0.0,20.0,0.0,15.67,25.0,31.25
Adil Rashid,4.0,0,20,1,5.0,8,1,0,0,0,6,6.12,24.0,20.0,20.0,15.67,33.33,31.25
Afif Hossain,1.0,0,11,1,11.0,1,2,0,0,0,1,11.0,6.0,6.0,11.0,11.0,16.67,16.67
Ahmed Raza,1.0,0,9,0,9.0,1,1,0,0,0,1,9.0,0.0,0.0,0.0,0.0,16.67,16.67
Aiden Markram,2.0,0,16,1,8.0,3,0,1,1,0,2,6.5,12.0,12.0,16.0,16.0,25.0,20.83
Aiden Markram,1.0,0,5,0,5.0,1,0,0,0,0,2,6.5,0.0,12.0,0.0,16.0,16.67,20.83
Akeal Hosein,4.0,0,25,1,6.25,12,1,1,1,1,3,7.83,24.0,24.0,25.0,31.5,50.0,34.72
Akeal Hosein,4.0,0,31,0,7.75,8,2,1,0,0,3,7.83,0.0,24.0,0.0,31.5,33.33,34.72
Akeal Hosein,4.0,0,38,1,9.5,5,2,2,0,0,3,7.83,24.0,24.0,38.0,31.5,20.83,34.72
Alzarri Joseph,4.0,0,39,0,9.75,9,3,2,1,0,3,6.92,0.0,9.0,0.0,9.0,37.5,47.22
Alzarri Joseph,4.0,0,28,2,7.0,9,3,0,2,0,3,6.92,12.0,9.0,14.0,9.0,37.5,47.22
Alzarri Joseph,4.0,0,16,4,4.0,16,1,1,0,0,3,6.92,6.0,9.0,4.0,9.0,66.67,47.22
Anrich Nortje,3.3,0,10,4,2.85,16,1,0,0,0,5,5.27,4.95,14.19,2.5,11.15,80.81,55.33
Anrich Nortje,4.0,0,41,4,10.25,11,1,4,0,1,5,5.27,6.0,14.19,10.25,11.15,45.83,55.33
Anrich Nortje,4.0,0,23,1,5.75,12,1,1,0,0,5,5.27,24.0,14.19,23.0,11.15,50.0,55.33
Anrich Nortje,4.0,0,10,1,2.5,14,0,0,0,0,5,5.27,24.0,14.19,10.0,11.15,58.33,55.33
Anrich Nortje,2.0,0,10,1,5.0,5,0,0,0,0,5,5.27,12.0,14.19,10.0,11.15,41.67,55.33
Arshdeep Singh,2.0,0,9,1,4.5,9,1,0,2,0,6,7.5,12.0,11.2,9.0,13.93,75.0,47.22
Arshdeep Singh,4.0,0,38,2,9.5,10,5,1,0,0,6,7.5,12.0,11.2,19.0,13.93,41.67,47.22
Arshdeep Singh,4.0,0,32,3,8.0,10,3,1,1,0,6,7.5,8.0,11.2,10.67,13.93,41.67,47.22
Arshdeep Singh,4.0,0,25,2,6.25,13,4,0,1,0,6,7.5,12.0,11.2,12.5,13.93,54.17,47.22
Arshdeep Singh,4.0,0,37,2,9.25,9,6,0,1,1,6,7.5,12.0,11.2,18.5,13.93,37.5,47.22
Arshdeep Singh,2.0,0,15,0,7.5,4,2,0,1,0,6,7.5,0.0,11.2,0.0,13.93,33.33,47.22
Aryan Lakra,3.0,0,24,1,8.0,5,3,0,0,0,1,8.0,18.0,18.0,24.0,24.0,27.78,27.78
Ashton Agar,4.0,0,25,1,6.25,8,1,0,1,0,1,6.25,24.0,24.0,25.0,25.0,33.33,33.33
Axar Patel,3.2,0,40,1,12.0,4,5,1,0,0,5,10.2,19.2,15.6,40.0,24.5,20.83,35.0
Axar Patel,1.0,0,21,0,21.0,2,0,3,0,0,5,10.2,0.0,15.6,0.0,24.5,33.33,35.0
Axar Patel,1.0,0,6,0,6.0,2,0,0,0,0,5,10.2,0.0,15.6,0.0,24.5,33.33,35.0
Axar Patel,4.0,0,18,2,4.5,11,0,0,0,0,5,10.2,12.0,15.6,9.0,24.5,45.83,35.0
Axar Patel,4.0,0,30,0,7.5,10,2,2,0,0,5,10.2,0.0,15.6,0.0,24.5,41.67,35.0
Azmatullah Omarzai,2.0,0,17,0,8.5,2,1,0,1,0,2,8.96,0.0,0.0,0.0,0.0,16.67,23.48
Azmatullah Omarzai,1.1,0,11,0,9.42,2,1,0,3,0,2,8.96,0.0,0.0,0.0,0.0,30.3,23.48
Barry McCarthy,4.0,0,59,0,14.75,4,6,3,1,1,7,8.92,0.0,16.67,0.0,20.89,16.67,31.15
Barry McCarthy,4.0,0,29,3,7.25,7,2,0,1,0,7,8.92,8.0,16.67,9.67,20.89,29.17,31.15
Barry McCarthy,4.0,0,46,0,11.5,4,4,2,0,0,7,8.92,0.0,16.67,0.0,20.89,16.67,31.15
Barry McCarthy,4.0,0,33,1,8.25,9,3,1,1,0,7,8.92,24.0,16.67,33.0,20.89,37.5,31.15
Barry McCarthy,2.0,0,16,0,8.0,4,0,1,0,0,7,8.92,0.0,16.67,0.0,20.89,33.33,31.15
Barry McCarthy,4.0,0,24,0,6.0,11,2,0,2,0,7,8.92,0.0,16.67,0.0,20.89,45.83,31.15
Barry McCarthy,3.0,0,20,1,6.66,7,1,0,3,0,7,8.92,18.0,16.67,20.0,20.89,38.89,31.15
Bas de Leede,3.0,0,25,2,8.33,4,1,0,1,2,7,7.88,9.0,9.0,12.5,10.81,22.22,37.5
Bas de Leede,3.0,0,33,0,11.0,6,5,1,1,0,7,7.88,0.0,9.0,0.0,10.81,33.33,37.5
Bas de Leede,3.0,0,31,2,10.33,5,2,2,0,0,7,7.88,9.0,9.0,15.5,10.81,27.78,37.5
Bas de Leede,3.0,0,18,2,6.0,6,1,0,0,0,7,7.88,9.0,9.0,9.0,10.81,33.33,37.5
Bas de Leede,4.0,0,14,2,3.5,11,0,0,0,0,7,7.88,12.0,9.0,7.0,10.81,45.83,37.5
Bas de Leede,3.0,0,19,3,6.33,9,2,0,2,0,7,7.88,6.0,9.0,6.33,10.81,50.0,37.5
Bas de Leede,3.0,0,29,2,9.66,9,3,1,3,0,7,7.88,9.0,9.0,14.5,10.81,50.0,37.5
Basil Hameed,1.0,0,13,0,13.0,1,1,1,0,0,3,8.55,0.0,7.5,0.0,7.75,16.67,46.3
Basil Hameed,1.0,0,7,1,7.0,4,0,1,0,0,3,8.55,6.0,7.5,7.0,7.75,66.67,46.3
Basil Hameed,3.0,0,17,2,5.66,10,2,0,0,0,3,8.55,9.0,7.5,8.5,7.75,55.56,46.3
Ben Shikongo,1.0,0,8,1,8.0,1,1,0,0,0,3,11.11,6.0,7.5,8.0,9.5,16.67,22.22
Ben Shikongo,1.0,0,18,0,18.0,1,0,2,1,0,3,11.11,0.0,7.5,0.0,9.5,16.67,22.22
Ben Shikongo,3.0,1,22,2,7.33,6,3,0,0,0,3,11.11,9.0,7.5,11.0,9.5,33.33,22.22
Ben Stokes,4.0,0,19,2,4.75,14,2,0,1,0,6,7.2,12.0,14.64,9.5,16.7,58.33,42.63
Ben Stokes,1.0,0,10,1,10.0,2,2,0,0,0,6,7.2,6.0,14.64,10.0,16.7,33.33,42.63
Ben Stokes,3.0,0,24,1,8.0,8,1,2,0,0,6,7.2,18.0,14.64,24.0,16.7,44.44,42.63
Ben Stokes,2.2,0,8,1,3.42,7,0,0,0,0,6,7.2,13.2,14.64,8.0,16.7,53.03,42.63
Ben Stokes,4.0,0,32,1,8.0,6,1,0,2,1,6,7.2,24.0,14.64,32.0,16.7,25.0,42.63
Ben Stokes,2.0,0,18,0,9.0,5,2,1,0,0,6,7.2,0.0,14.64,0.0,16.7,41.67,42.63
Bernard Scholtz,4.0,0,22,1,5.5,11,1,1,0,0,3,5.08,24.0,20.0,22.0,17.33,45.83,43.06
Bernard Scholtz,4.0,0,18,2,4.5,10,1,0,0,0,3,5.08,12.0,20.0,9.0,17.33,41.67,43.06
Bernard Scholtz,4.0,0,21,1,5.25,10,0,1,0,0,3,5.08,24.0,20.0,21.0,17.33,41.67,43.06
Bhuvneshwar Kumar,2.0,0,25,0,12.5,4,3,1,1,0,6,6.56,0.0,17.0,0.0,12.5,33.33,60.39
Bhuvneshwar Kumar,3.0,1,11,1,3.66,14,1,0,1,0,6,6.56,18.0,17.0,11.0,12.5,77.78,60.39
Bhuvneshwar Kumar,3.0,2,9,2,3.0,14,1,0,0,0,6,6.56,9.0,17.0,4.5,12.5,77.78,60.39
Bhuvneshwar Kumar,3.0,0,27,0,9.0,7,2,2,0,0,6,6.56,0.0,17.0,0.0,12.5,38.89,60.39
Bhuvneshwar Kumar,3.4,0,21,0,5.72,13,2,1,0,0,6,6.56,0.0,17.0,0.0,12.5,63.73,60.39
Bhuvneshwar Kumar,4.0,0,22,1,5.5,17,1,1,3,0,6,6.56,24.0,17.0,22.0,12.5,70.83,60.39
Binura Fernando,0.5,0,5,0,6.0,2,0,0,0,0,3,7.0,0.0,24.0,0.0,30.0,66.67,51.39
Binura Fernando,4.0,0,33,1,8.25,11,4,1,1,0,3,7.0,24.0,24.0,33.0,30.0,45.83,51.39
Binura Fernando,4.0,0,27,1,6.75,10,3,0,1,0,3,7.0,24.0,24.0,27.0,30.0,41.67,51.39
Blessing Muzarabani,4.0,0,38,2,9.5,10,2,2,2,1,7,7.57,12.0,15.71,19.0,20.95,41.67,47.02
Blessing Muzarabani,4.0,0,50,1,12.5,5,8,0,1,0,7,7.57,24.0,15.71,50.0,20.95,20.83,47.02
Blessing Muzarabani,4.0,0,18,1,4.5,11,1,0,0,0,7,7.57,24.0,15.71,18.0,20.95,45.83,47.02
Blessing Muzarabani,4.0,0,23,3,5.75,14,0,2,0,1,7,7.57,8.0,15.71,7.67,20.95,58.33,47.02
Blessing Muzarabani,2.0,0,13,2,6.5,8,3,0,0,0,7,7.57,6.0,15.71,6.5,20.95,66.67,47.02
Blessing Muzarabani,4.0,0,34,1,8.5,9,5,0,0,2,7,7.57,24.0,15.71,34.0,20.95,37.5,47.02
Blessing Muzarabani,4.0,0,23,2,5.75,14,2,1,1,0,7,7.57,12.0,15.71,11.5,20.95,58.33,47.02
Brad Evans,3.0,0,32,0,10.66,2,3,1,1,0,2,8.46,0.0,12.0,0.0,12.5,11.11,30.56
Brad Evans,4.0,0,25,2,6.25,12,2,1,0,0,2,8.46,12.0,12.0,12.5,12.5,50.0,30.56
Brad Wheal,4.0,0,32,2,8.0,10,4,1,0,0,3,6.92,12.0,20.0,16.0,22.33,41.67,45.83
Brad Wheal,4.0,0,26,1,6.5,12,4,0,0,0,3,6.92,24.0,20.0,26.0,22.33,50.0,45.83
Brad Wheal,4.0,0,25,1,6.25,11,2,1,0,0,3,6.92,24.0,20.0,25.0,22.33,45.83,45.83
Brandon Glover,2.5,0,22,2,7.76,9,3,0,0,0,3,6.5,7.5,7.83,11.0,9.5,60.0,54.72
Brandon Glover,2.0,0,9,3,4.5,5,0,0,1,0,3,6.5,4.0,7.83,3.0,9.5,41.67,54.72
Brandon Glover,4.0,1,29,2,7.25,15,2,2,2,0,3,6.5,12.0,7.83,14.5,9.5,62.5,54.72
Calum MacLeod,1.0,0,11,0,11.0,0,0,1,0,0,1,11.0,0.0,0.0,0.0,0.0,0.0,0.0
Cameron Green,2.0,0,13,0,6.5,7,1,1,0,0,1,6.5,0.0,0.0,0.0,0.0,58.33,58.33
Chamika Karunaratne,2.0,0,11,0,5.5,6,1,0,1,0,6,7.79,0.0,22.0,0.0,28.33,50.0,35.19
Chamika Karunaratne,4.0,0,29,1,7.25,7,2,1,0,0,6,7.79,24.0,22.0,29.0,28.33,29.17,35.19
Chamika Karunaratne,4.0,0,36,1,9.0,7,3,1,1,0,6,7.79,24.0,22.0,36.0,28.33,29.17,35.19
Chamika Karunaratne,3.0,0,20,1,6.66,6,1,0,1,0,6,7.79,18.0,22.0,20.0,28.33,33.33,35.19
Chamika Karunaratne,3.0,0,34,0,11.33,5,3,1,1,0,6,7.79,0.0,22.0,0.0,28.33,27.78,35.19
Chamika Karunaratne,2.0,0,14,0,7.0,5,2,0,0,0,6,7.79,0.0,22.0,0.0,28.33,41.67,35.19
Charith Asalanka,1.0,0,8,0,8.0,1,1,0,0,0,1,8.0,0.0,0.0,0.0,0.0,16.67,16.67
Chris Greaves,2.0,0,18,0,9.0,1,0,1,1,0,1,9.0,0.0,0.0,0.0,0.0,8.33,8.33
Chris Jordan,4.0,0,27,2,6.75,9,3,0,0,0,2,8.75,12.0,10.0,13.5,13.92,37.5,35.42
Chris Jordan,4.0,0,43,3,10.75,8,3,3,1,0,2,8.75,8.0,10.0,14.33,13.92,33.33,35.42
Chris Woakes,3.0,0,26,0,8.66,7,2,1,2,0,6,8.76,0.0,18.0,0.0,22.12,38.89,36.11
Chris Woakes,3.0,0,24,1,8.0,5,1,1,2,0,6,8.76,18.0,18.0,24.0,22.12,27.78,36.11
Chris Woakes,3.0,0,41,0,13.66,4,6,1,2,0,6,8.76,0.0,18.0,0.0,22.12,22.22,36.11
Chris Woakes,3.0,0,24,1,8.0,5,3,0,1,0,6,8.76,18.0,18.0,24.0,22.12,27.78,36.11
Chris Woakes,4.0,0,24,1,6.0,15,2,1,1,0,6,8.76,24.0,18.0,24.0,22.12,62.5,36.11
Chris Woakes,4.0,0,33,2,8.25,9,1,2,1,0,6,8.76,12.0,18.0,16.5,22.12,37.5,36.11
Colin Ackermann,1.0,0,4,0,4.0,2,0,0,0,0,3,5.0,0.0,18.0,0.0,17.0,33.33,37.04
Colin Ackermann,3.0,0,16,0,5.33,6,1,0,0,0,3,5.0,0.0,18.0,0.0,17.0,33.33,37.04
Colin Ackermann,3.0,0,17,1,5.66,8,2,0,0,0,3,5.0,18.0,18.0,17.0,17.0,44.44,37.04
Curtis Campher,1.0,0,8,0,8.0,2,1,0,0,0,4,9.04,0.0,6.0,0.0,4.5,33.33,35.42
Curtis Campher,2.0,0,9,2,4.5,7,1,0,0,0,4,9.04,6.0,6.0,4.5,4.5,58.33,35.42
Curtis Campher,3.0,0,29,0,9.66,6,2,2,0,0,4,9.04,0.0,6.0,0.0,4.5,33.33,35.42
Curtis Campher,2.0,0,28,0,14.0,2,4,1,0,0,4,9.04,0.0,6.0,0.0,4.5,16.67,35.42
Dasun Shanaka,1.1,0,7,1,6.0,3,0,0,1,0,3,7.67,6.6,6.6,7.0,7.0,45.45,42.93
Dasun Shanaka,1.0,0,10,0,10.0,2,2,0,0,0,3,7.67,0.0,6.6,0.0,7.0,33.33,42.93
Dasun Shanaka,1.0,0,7,0,7.0,3,1,0,0,0,3,7.67,0.0,6.6,0.0,7.0,50.0,42.93
David Wiese,2.3,0,22,0,8.8,4,3,0,0,0,3,6.52,0.0,18.0,0.0,17.5,28.99,44.38
David Wiese,4.0,0,16,2,4.0,13,1,0,0,0,3,6.52,12.0,18.0,8.0,17.5,54.17,44.38
David Wiese,4.0,0,27,1,6.75,12,2,1,1,0,3,6.52,24.0,18.0,27.0,17.5,50.0,44.38
Dhananjaya de Silva,1.0,0,5,0,5.0,1,0,0,0,0,6,6.97,0.0,10.92,0.0,13.2,16.67,25.43
Dhananjaya de Silva,2.0,0,14,1,7.0,4,1,0,0,0,6,6.97,12.0,10.92,14.0,13.2,33.33,25.43
Dhananjaya de Silva,4.0,0,24,2,6.0,7,1,0,0,0,6,6.97,12.0,10.92,12.0,13.2,29.17,25.43
Dhananjaya de Silva,2.1,0,18,1,8.3,4,1,1,0,0,6,6.97,12.6,10.92,18.0,13.2,31.75,25.43
Dhananjaya de Silva,1.0,0,9,1,9.0,1,1,0,0,0,6,6.97,6.0,10.92,9.0,13.2,16.67,25.43
Dhananjaya de Silva,2.0,0,13,1,6.5,3,1,0,0,0,6,6.97,12.0,10.92,13.0,13.2,25.0,25.43
Dushmantha Chameera,3.5,0,15,3,3.91,16,0,1,0,0,2,6.83,7.0,15.5,5.0,22.0,76.19,50.6
Dushmantha Chameera,4.0,0,39,1,9.75,6,3,1,2,0,2,6.83,24.0,15.5,39.0,22.0,25.0,50.6
Ebadot Hossain,3.1,0,25,1,7.89,7,1,1,0,1,1,7.89,18.6,18.6,25.0,25.0,37.63,37.63
Fareed Ahmad,2.0,0,25,0,12.5,3,3,1,1,0,2,12.0,0.0,12.0,0.0,23.0,25.0,20.83
Fareed Ahmad,2.0,0,23,1,11.5,2,2,0,1,0,2,12.0,12.0,12.0,23.0,23.0,16.67,20.83
Fazalhaq Farooqi,3.3,1,22,0,6.28,11,3,0,1,0,3,6.51,0.0,18.0,0.0,19.25,55.56,57.41
Fazalhaq Farooqi,4.0,0,29,2,7.25,13,4,1,0,0,3,6.51,12.0,18.0,14.5,19.25,54.17,57.41
Fazalhaq Farooqi,4.0,0,24,1,6.0,15,2,1,3,0,3,6.51,24.0,18.0,24.0,19.25,62.5,57.41
Fionn Hand,2.0,0,17,1,8.5,6,1,0,4,0,3,11.5,12.0,12.0,17.0,17.0,50.0,33.33
Fionn Hand,2.0,0,22,0,11.0,2,2,1,0,0,3,11.5,0.0,12.0,0.0,17.0,16.67,33.33
Fionn Hand,1.0,0,15,0,15.0,2,0,2,1,0,3,11.5,0.0,12.0,0.0,17.0,33.33,33.33
Fred Klaassen,4.0,0,13,2,3.25,18,0,0,3,0,8,6.4,12.0,20.0,6.5,22.25,75.0,51.04
Fred Klaassen,4.0,0,33,1,8.25,9,2,1,2,0,8,6.4,24.0,20.0,33.0,22.25,37.5,51.04
Fred Klaassen,3.0,0,26,0,8.66,4,3,0,0,0,8,6.4,0.0,20.0,0.0,22.25,22.22,51.04
Fred Klaassen,3.0,0,15,0,5.0,11,1,0,0,0,8,6.4,0.0,20.0,0.0,22.25,61.11,51.04
Fred Klaassen,4.0,0,33,1,8.25,10,5,0,3,0,8,6.4,24.0,20.0,33.0,22.25,41.67,51.04
Fred Klaassen,4.0,0,17,1,4.25,17,0,1,2,0,8,6.4,24.0,20.0,17.0,22.25,70.83,51.04
Fred Klaassen,4.0,0,20,2,5.0,15,3,0,0,0,8,6.4,12.0,20.0,10.0,22.25,62.5,51.04
Fred Klaassen,4.0,0,34,1,8.5,9,1,2,0,0,8,6.4,24.0,20.0,34.0,22.25,37.5,51.04
Gareth Delany,4.0,0,28,1,7.0,8,3,0,2,0,7,8.2,24.0,14.67,28.0,16.11,33.33,37.14
Gareth Delany,4.0,0,30,2,7.5,11,3,1,1,0,7,8.2,12.0,14.67,15.0,16.11,45.83,37.14
Gareth Delany,4.0,0,16,3,4.0,12,1,0,1,0,7,8.2,8.0,14.67,5.33,16.11,50.0,37.14
Gareth Delany,3.0,0,29,0,9.66,10,2,2,2,0,7,8.2,0.0,14.67,0.0,16.11,55.56,37.14
Gareth Delany,3.3,0,33,0,9.42,5,3,1,1,0,7,8.2,0.0,14.67,0.0,16.11,25.25,37.14
Gareth Delany,3.0,0,28,0,9.33,3,2,1,0,0,7,8.2,0.0,14.67,0.0,16.11,16.67,37.14
Gareth Delany,2.0,0,21,0,10.5,4,2,1,1,0,7,8.2,0.0,14.67,0.0,16.11,33.33,37.14
George Dockrell,1.0,0,5,1,5.0,2,0,0,0,0,4,7.25,6.0,6.0,5.0,5.0,33.33,29.17
George Dockrell,1.0,0,9,0,9.0,1,1,0,0,0,4,7.25,0.0,6.0,0.0,5.0,16.67,29.17
George Dockrell,2.0,0,18,0,9.0,4,2,0,2,0,4,7.25,0.0,6.0,0.0,5.0,33.33,29.17
George Dockrell,4.0,0,24,0,6.0,8,0,1,0,0,4,7.25,0.0,6.0,0.0,5.0,33.33,29.17
Gerhard Erasmus,3.0,0,13,0,4.33,8,0,0,1,0,2,6.16,0.0,0.0,0.0,0.0,44.44,30.56
Gerhard Erasmus,1.0,0,8,0,8.0,1,1,0,0,0,2,6.16,0.0,0.0,0.0,0.0,16.67,30.56
Glenn Maxwell,1.0,0,5,1,5.0,2,0,0,0,0,2,5.73,6.0,6.15,5.0,6.0,33.33,40.48
Glenn Maxwell,2.1,0,14,2,6.46,6,2,0,0,0,2,5.73,6.3,6.15,7.0,6.0,47.62,40.48
Gulbadin Naib,1.0,0,12,0,12.0,1,2,0,0,0,2,11.16,0.0,0.0,0.0,0.0,16.67,25.0
Gulbadin Naib,3.0,0,31,0,10.33,6,3,2,0,0,2,11.16,0.0,0.0,0.0,0.0,33.33,25.0
Hardik Pandya,3.0,0,16,2,5.33,10,1,0,2,1,6,8.29,9.0,12.5,8.0,15.25,55.56,36.57
Hardik Pandya,4.0,0,29,1,7.25,8,3,0,0,0,6,8.29,24.0,12.5,29.0,15.25,33.33,36.57
Hardik Pandya,4.0,0,30,3,7.5,10,4,0,0,0,6,8.29,8.0,12.5,10.0,15.25,41.67,36.57
Hardik Pandya,1.0,0,9,0,9.0,1,0,0,1,0,6,8.29,0.0,12.5,0.0,15.25,16.67,36.57
Hardik Pandya,3.0,0,34,0,11.33,5,1,2,0,0,6,8.29,0.0,12.5,0.0,15.25,27.78,36.57
Hardik Pandya,3.0,0,28,2,9.33,8,1,3,0,0,6,8.29,9.0,12.5,14.0,15.25,44.44,36.57
Haris Rauf,4.0,0,32,0,8.0,6,2,0,0,0,7,7.0,0.0,18.0,0.0,19.42,25.0,43.65
Haris Rauf,3.0,0,10,1,3.33,11,1,0,0,0,7,7.0,18.0,18.0,10.0,19.42,61.11,43.65
Haris Rauf,4.0,0,21,1,5.25,11,2,0,0,0,7,7.0,24.0,18.0,21.0,19.42,45.83,43.65
Haris Rauf,3.0,0,44,1,14.66,2,7,1,1,0,7,7.0,18.0,18.0,44.0,19.42,11.11,43.65
Haris Rauf,4.0,0,36,2,9.0,11,2,2,1,0,7,7.0,12.0,18.0,18.0,19.42,45.83,43.65
Haris Rauf,4.0,1,12,1,3.0,15,0,0,0,0,7,7.0,24.0,18.0,12.0,19.42,62.5,43.65
Haris Rauf,4.0,0,23,2,5.75,13,3,0,1,0,7,7.0,12.0,18.0,11.5,19.42,54.17,43.65
Hasan Mahmud,4.0,1,15,2,3.75,16,2,0,0,0,4,8.38,12.0,14.67,7.5,19.72,66.67,43.75
Hasan Mahmud,4.0,0,36,0,9.0,8,5,0,3,0,4,8.38,0.0,14.67,0.0,19.72,33.33,43.75
Hasan Mahmud,4.0,0,36,1,9.0,11,3,2,2,0,4,8.38,24.0,14.67,36.0,19.72,45.83,43.75
Hasan Mahmud,4.0,0,47,3,11.75,7,6,2,0,1,4,8.38,8.0,14.67,15.67,19.72,29.17,43.75
Iftikhar Ahmed,0.5,0,13,0,15.6,0,1,1,0,0,2,10.3,0.0,18.0,0.0,15.0,0.0,25.0
Iftikhar Ahmed,3.0,0,15,1,5.0,9,2,0,0,0,2,10.3,18.0,18.0,15.0,15.0,50.0,25.0
Ish Sodhi,4.0,0,26,0,6.5,4,1,0,0,0,5,6.71,0.0,17.4,0.0,19.5,16.67,38.12
Ish Sodhi,4.0,0,31,2,7.75,10,0,2,1,0,5,6.71,12.0,17.4,15.5,19.5,41.67,38.12
Ish Sodhi,4.0,0,23,1,5.75,10,2,0,0,0,5,6.71,24.0,17.4,23.0,19.5,41.67,38.12
Ish Sodhi,4.0,0,29,1,7.25,8,2,1,1,0,5,6.71,24.0,17.4,29.0,19.5,33.33,38.12
Ish Sodhi,3.2,0,21,2,6.3,11,2,1,1,0,5,6.71,9.6,17.4,10.5,19.5,57.29,38.12
JJ Smit,4.0,0,39,0,9.75,11,2,3,0,0,3,7.03,0.0,15.0,0.0,14.0,45.83,40.74
JJ Smit,4.0,0,24,2,6.0,9,2,0,0,0,3,7.03,12.0,15.0,12.0,14.0,37.5,40.74
JJ Smit,3.0,0,16,1,5.33,7,0,0,1,0,3,7.03,18.0,15.0,16.0,14.0,38.89,40.74
Jan Frylinck,3.0,0,30,0,10.0,3,2,1,1,0,3,6.83,0.0,18.0,0.0,14.5,16.67,34.72
Jan Frylinck,4.0,1,16,1,4.0,11,1,0,0,0,3,6.83,24.0,18.0,16.0,14.5,45.83,34.72
Jan Frylinck,4.0,0,26,2,6.5,10,0,2,1,0,3,6.83,12.0,18.0,13.0,14.5,41.67,34.72
Jan Nicol Loftie-Eaton,1.0,0,8,0,8.0,2,1,0,0,1,1,8.0,0.0,0.0,0.0,0.0,33.33,33.33
Jason Holder,3.0,0,14,2,4.66,8,1,0,0,0,3,4.67,9.0,7.7,7.0,5.5,44.44,45.37
Jason Holder,3.2,0,12,3,3.6,12,1,0,0,0,3,4.67,6.4,7.7,4.0,5.5,62.5,45.37
Jason Holder,4.0,0,23,0,5.75,7,1,0,0,0,3,4.67,0.0,7.7,0.0,5.5,29.17,45.37
Josh Davey,4.0,0,46,0,11.5,5,8,0,1,0,3,9.39,0.0,13.5,0.0,21.0,20.83,36.57
Josh Davey,3.0,0,16,2,5.33,8,1,0,0,1,3,9.39,9.0,13.5,8.0,21.0,44.44,36.57
Josh Davey,3.0,0,34,1,11.33,8,4,2,1,0,3,9.39,18.0,13.5,34.0,21.0,44.44,36.57
Josh Hazlewood,3.0,0,24,0,8.0,8,1,2,1,0,4,8.25,0.0,16.0,0.0,21.0,44.44,46.53
Josh Hazlewood,4.0,0,33,2,8.25,13,2,3,0,0,4,8.25,12.0,16.0,16.5,21.0,54.17,46.53
Josh Hazlewood,4.0,0,41,2,10.25,8,5,1,1,0,4,8.25,12.0,16.0,20.5,21.0,33.33,46.53
Josh Hazlewood,4.0,0,26,1,6.5,13,3,0,3,0,4,8.25,24.0,16.0,26.0,21.0,54.17,46.53
Josh Little,4.0,0,21,2,5.25,13,2,0,2,0,7,6.94,12.0,12.2,10.5,12.77,54.17,42.66
Josh Little,4.0,0,31,0,7.75,8,1,2,1,0,7,6.94,0.0,12.2,0.0,12.77,33.33,42.66
Josh Little,4.0,0,45,0,11.25,5,4,1,1,0,7,6.94,0.0,12.2,0.0,12.77,20.83,42.66
Josh Little,4.0,0,30,1,7.5,10,2,1,1,0,7,6.94,24.0,12.2,30.0,12.77,41.67,42.66
Josh Little,4.0,0,22,3,5.5,10,2,0,1,0,7,6.94,8.0,12.2,7.33,12.77,41.67,42.66
Josh Little,4.0,0,24,3,6.0,11,3,0,0,0,7,6.94,8.0,12.2,8.0,12.77,45.83,42.66
Josh Little,3.0,0,16,2,5.33,11,2,0,2,0,7,6.94,9.0,12.2,8.0,12.77,61.11,42.66
Junaid Siddique,4.0,0,36,0,9.0,8,2,1,2,0,3,7.92,0.0,16.0,0.0,21.5,33.33,36.11
Junaid Siddique,4.0,0,35,1,8.75,8,3,1,2,0,3,7.92,24.0,16.0,35.0,21.5,33.33,36.11
Junaid Siddique,4.0,0,24,3,6.0,10,2,0,1,0,3,7.92,8.0,16.0,8.0,21.5,41.67,36.11
Kagiso Rabada,3.0,0,24,1,8.0,8,1,2,1,0,5,9.57,18.0,21.0,24.0,34.0,44.44,38.89
Kagiso Rabada,4.0,0,44,1,11.0,7,4,2,0,0,5,9.57,24.0,21.0,44.0,34.0,29.17,38.89
Kagiso Rabada,3.0,0,37,0,12.33,6,7,0,0,0,5,9.57,0.0,21.0,0.0,34.0,33.33,38.89
Kagiso Rabada,4.0,0,26,0,6.5,13,2,1,1,0,5,9.57,0.0,21.0,0.0,34.0,54.17,38.89
Kagiso Rabada,2.0,0,20,0,10.0,4,2,1,0,0,5,9.57,0.0,21.0,0.0,34.0,33.33,38.89
Kane Richardson,4.0,0,48,1,12.0,4,3,3,1,0,1,12.0,24.0,24.0,48.0,48.0,16.67,16.67
Karthik Meiyappan,4.0,0,22,1,5.5,11,2,0,0,0,3,6.25,24.0,18.67,22.0,20.78,45.83,43.06
Karthik Meiyappan,4.0,0,34,1,8.5,8,2,2,0,0,3,6.25,24.0,18.67,34.0,20.78,33.33,43.06
Karthik Meiyappan,4.0,0,19,3,4.75,12,0,1,0,0,3,6.25,8.0,18.67,6.33,20.78,50.0,43.06
Kashif Daud,1.0,0,5,0,5.0,1,0,0,0,0,2,9.5,0.0,0.0,0.0,0.0,16.67,8.33
Kashif Daud,1.0,0,14,0,14.0,0,2,0,0,0,2,9.5,0.0,0.0,0.0,0.0,0.0,8.33
Kasun Rajitha,3.0,0,40,0,13.33,4,5,1,2,0,3,8.94,0.0,18.0,0.0,21.25,22.22,44.91
Kasun Rajitha,4.0,0,31,1,7.75,11,2,1,1,1,3,8.94,24.0,18.0,31.0,21.25,45.83,44.91
Kasun Rajitha,4.0,0,23,2,5.75,16,3,0,1,2,3,8.94,12.0,18.0,11.5,21.25,66.67,44.91
Keshav Maharaj,4.0,0,24,1,6.0,6,1,0,0,0,4,8.02,24.0,18.0,24.0,18.75,25.0,29.86
Keshav Maharaj,4.0,0,27,2,6.75,12,1,2,0,0,4,8.02,12.0,18.0,13.5,18.75,50.0,29.86
Keshav Maharaj,1.0,0,10,0,10.0,1,1,0,0,0,4,8.02,0.0,18.0,0.0,18.75,16.67,29.86
Keshav Maharaj,3.0,0,28,0,9.33,5,3,1,0,0,4,8.02,0.0,18.0,0.0,18.75,27.78,29.86
Kyle Mayers,1.0,0,17,0,17.0,3,3,0,1,0,2,14.5,0.0,0.0,0.0,0.0,50.0,45.83
Kyle Mayers,2.0,0,24,0,12.0,5,5,0,2,0,2,14.5,0.0,0.0,0.0,0.0,41.67,45.83
Lahiru Kumara,3.3,0,22,0,6.28,15,0,1,3,0,6,7.61,0.0,15.24,0.0,20.8,75.76,49.85
Lahiru Kumara,4.0,0,30,2,7.5,12,2,1,4,0,6,7.61,12.0,15.24,15.0,20.8,50.0,49.85
Lahiru Kumara,4.0,0,28,1,7.0,14,2,1,1,0,6,7.61,24.0,15.24,28.0,20.8,58.33,49.85
Lahiru Kumara,3.4,0,24,2,6.54,11,3,0,0,1,6,7.61,10.2,15.24,12.0,20.8,53.92,49.85
Lahiru Kumara,3.0,0,37,1,12.33,2,2,2,2,1,6,7.61,18.0,15.24,37.0,20.8,11.11,49.85
Lahiru Kumara,2.0,0,12,1,6.0,6,2,0,0,0,6,7.61,12.0,15.24,12.0,20.8,50.0,49.85
Liam Livingstone,2.0,0,16,0,8.0,2,0,1,0,0,5,9.06,0.0,6.0,0.0,5.67,16.67,24.44
Liam Livingstone,3.0,0,17,3,5.66,5,1,0,0,0,5,9.06,6.0,6.0,5.67,5.67,27.78,24.44
Liam Livingstone,3.0,0,21,0,7.0,7,3,0,0,0,5,9.06,0.0,6.0,0.0,5.67,38.89,24.44
Liam Livingstone,1.0,0,16,0,16.0,1,1,1,1,0,5,9.06,0.0,6.0,0.0,5.67,16.67,24.44
Liam Livingstone,3.0,0,26,0,8.66,4,3,0,0,0,5,9.06,0.0,6.0,0.0,5.67,22.22,24.44
Lockie Ferguson,4.0,0,35,1,8.75,11,4,1,3,0,5,8.28,24.0,15.5,35.0,21.21,45.83,38.33
Lockie Ferguson,3.0,0,20,1,6.66,9,2,1,0,0,5,8.28,18.0,15.5,20.0,21.21,50.0,38.33
Lockie Ferguson,4.0,0,37,0,9.25,7,4,1,1,0,5,8.28,0.0,15.5,0.0,21.21,29.17,38.33
Lockie Ferguson,4.0,0,22,3,5.5,10,1,0,0,0,5,8.28,8.0,15.5,7.33,21.21,41.67,38.33
Lockie Ferguson,4.0,0,45,2,11.25,6,4,2,0,1,5,8.28,12.0,15.5,22.5,21.21,25.0,38.33
Logan van Beek,2.0,0,9,0,4.5,5,0,0,0,0,6,7.36,0.0,12.3,0.0,10.25,41.67,36.26
Logan van Beek,2.2,0,17,2,7.28,8,1,1,1,0,6,7.36,6.6,12.3,8.5,10.25,60.61,36.26
Logan van Beek,4.0,0,45,0,11.25,3,2,3,0,0,6,7.36,0.0,12.3,0.0,10.25,12.5,36.26
Logan van Beek,2.0,0,19,0,9.5,5,0,2,1,0,6,7.36,0.0,12.3,0.0,10.25,41.67,36.26
Logan van Beek,3.0,0,12,1,4.0,7,0,0,1,0,6,7.36,18.0,12.3,12.0,10.25,38.89,36.26
Logan van Beek,3.0,0,23,0,7.66,4,1,1,0,0,6,7.36,0.0,12.3,0.0,10.25,22.22,36.26
Luke Jongwe,2.0,0,25,1,12.5,3,4,0,3,1,3,11.5,12.0,9.0,25.0,17.5,25.0,22.22
Luke Jongwe,2.0,0,24,0,12.0,1,4,0,0,0,3,11.5,0.0,9.0,0.0,17.5,8.33,22.22
Luke Jongwe,1.0,0,10,1,10.0,2,2,0,0,0,3,11.5,6.0,9.0,10.0,17.5,33.33,22.22
Lungi Ngidi,3.0,0,35,0,11.66,3,5,0,0,0,4,9.23,0.0,12.0,0.0,16.42,16.67,38.54
Lungi Ngidi,2.0,0,20,2,10.0,6,2,1,2,0,4,9.23,6.0,12.0,10.0,16.42,50.0,38.54
Lungi Ngidi,4.0,0,29,4,7.25,10,3,1,0,0,4,9.23,6.0,12.0,7.25,16.42,41.67,38.54
Lungi Ngidi,4.0,0,32,1,8.0,11,3,1,2,0,4,9.23,24.0,12.0,32.0,16.42,45.83,38.54
Maheesh Theekshana,4.0,0,35,1,8.75,7,2,2,1,0,8,6.67,24.0,16.55,35.0,19.0,29.17,40.4
Maheesh Theekshana,3.1,0,15,2,4.73,10,2,0,0,0,8,6.67,9.3,16.55,7.5,19.0,53.76,40.4
Maheesh Theekshana,4.0,0,19,2,4.75,8,1,0,0,0,8,6.67,12.0,16.55,9.5,19.0,33.33,40.4
Maheesh Theekshana,4.0,0,32,2,8.0,12,1,2,2,1,8,6.67,12.0,16.55,16.0,19.0,50.0,40.4
Maheesh Theekshana,3.0,0,23,1,7.66,11,0,3,1,0,8,6.67,18.0,16.55,23.0,19.0,61.11,40.4
Maheesh Theekshana,4.0,0,22,0,5.5,11,1,0,1,0,8,6.67,0.0,16.55,0.0,19.0,45.83,40.4
Maheesh Theekshana,4.0,0,23,1,5.75,7,0,0,2,0,8,6.67,24.0,16.55,23.0,19.0,29.17,40.4
Maheesh Theekshana,4.0,0,33,0,8.25,5,1,1,1,0,8,6.67,0.0,16.55,0.0,19.0,20.83,40.4
Marcus Stoinis,1.0,0,6,1,6.0,2,0,0,0,0,4,9.25,6.0,6.0,6.0,6.0,33.33,17.71
Marcus Stoinis,4.0,0,38,0,9.5,3,1,2,1,0,4,9.25,0.0,6.0,0.0,6.0,12.5,17.71
Marcus Stoinis,2.0,0,17,0,8.5,1,1,0,1,0,4,9.25,0.0,6.0,0.0,6.0,8.33,17.71
Marcus Stoinis,2.0,0,26,0,13.0,2,2,1,2,0,4,9.25,0.0,6.0,0.0,6.0,16.67,17.71
Mark Adair,4.0,0,26,0,6.5,12,1,1,4,0,7,8.5,0.0,20.0,0.0,27.17,50.0,35.12
Mark Adair,4.0,0,59,0,14.75,6,7,2,6,0,7,8.5,0.0,20.0,0.0,27.17,25.0,35.12
Mark Adair,4.0,0,39,1,9.75,9,3,1,3,0,7,8.5,24.0,20.0,39.0,27.17,37.5,35.12
Mark Adair,4.0,0,23,1,5.75,12,2,0,2,0,7,8.5,24.0,20.0,23.0,27.17,50.0,35.12
Mark Adair,2.0,0,16,0,8.0,2,1,0,0,0,7,8.5,0.0,20.0,0.0,27.17,16.67,35.12
Mark Adair,4.0,0,39,2,9.75,6,3,1,2,0,7,8.5,12.0,20.0,19.5,27.17,25.0,35.12
Mark Adair,2.0,0,10,0,5.0,5,0,0,0,0,7,8.5,0.0,20.0,0.0,27.17,41.67,35.12
Mark Watt,4.0,0,19,1,4.75,9,1,0,0,0,3,5.83,24.0,18.67,19.0,20.67,37.5,48.61
Mark Watt,4.0,0,39,1,9.75,10,2,1,2,0,3,5.83,24.0,18.67,39.0,20.67,41.67,48.61
Mark Watt,4.0,0,12,3,3.0,16,1,0,1,0,3,5.83,8.0,18.67,4.0,20.67,66.67,48.61
Mark Wood,3.0,0,26,3,8.66,8,1,2,1,0,4,7.81,6.0,11.0,8.67,14.12,44.44,50.35
Mark Wood,4.0,0,23,2,5.75,14,2,1,0,0,4,7.81,12.0,11.0,11.5,14.12,58.33,50.35
Mark Wood,3.0,0,25,1,8.33,8,2,1,1,0,4,7.81,18.0,11.0,25.0,14.12,44.44,50.35
Mark Wood,4.0,0,34,3,8.5,13,4,1,2,0,4,7.81,8.0,11.0,11.33,14.12,54.17,50.35
Mehidy Hasan Miraz,3.0,0,32,0,10.66,4,2,2,0,0,1,10.66,0.0,0.0,0.0,0.0,22.22,22.22
Michael Leask,4.0,0,15,2,3.75,11,0,0,1,0,3,6.92,12.0,16.0,7.5,19.83,45.83,26.39
Michael Leask,2.0,0,16,1,8.0,2,1,0,0,0,3,6.92,12.0,16.0,16.0,19.83,16.67,26.39
Michael Leask,4.0,0,36,1,9.0,4,2,1,0,0,3,6.92,24.0,16.0,36.0,19.83,16.67,26.39
Mitchell Marsh,1.0,0,14,0,14.0,1,1,1,0,0,1,14.0,0.0,0.0,0.0,0.0,16.67,16.67
Mitchell Santner,4.0,0,26,1,6.5,6,1,0,0,0,5,6.45,24.0,16.0,26.0,16.97,25.0,40.83
Mitchell Santner,4.0,0,26,2,6.5,12,3,1,0,0,5,6.45,12.0,16.0,13.0,16.97,50.0,40.83
Mitchell Santner,4.0,0,31,3,7.75,10,2,2,0,0,5,6.45,8.0,16.0,10.33,16.97,41.67,40.83
Mitchell Santner,4.0,0,25,1,6.25,8,2,0,0,0,5,6.45,24.0,16.0,25.0,16.97,33.33,40.83
Mitchell Santner,4.0,0,21,2,5.25,13,3,0,0,0,5,6.45,12.0,16.0,10.5,16.97,54.17,40.83
Mitchell Starc,4.0,1,43,2,10.75,11,8,0,2,1,3,8.5,12.0,18.0,21.5,22.25,45.83,40.28
Mitchell Starc,4.0,0,23,1,5.75,13,1,0,1,0,3,8.5,24.0,18.0,23.0,22.25,54.17,40.28
Mitchell Starc,4.0,0,36,0,9.0,5,3,1,0,0,3,8.5,0.0,18.0,0.0,22.25,20.83,40.28
Moeen Ali,1.0,0,4,0,4.0,3,0,0,0,0,2,4.5,0.0,0.0,0.0,0.0,50.0,33.33
Moeen Ali,1.0,0,5,0,5.0,1,0,0,0,0,2,4.5,0.0,0.0,0.0,0.0,16.67,33.33
Mohammad Nabi,2.0,0,16,0,8.0,2,0,1,0,0,3,9.11,0.0,18.0,0.0,16.0,16.67,22.22
Mohammad Nabi,3.0,0,16,1,5.33,6,0,0,0,0,3,9.11,18.0,18.0,16.0,16.0,33.33,22.22
Mohammad Nabi,1.0,0,14,0,14.0,1,1,1,0,0,3,9.11,0.0,18.0,0.0,16.0,16.67,22.22
Mohammad Nawaz,1.0,0,2,0,2.0,4,0,0,0,0,4,6.0,0.0,12.0,0.0,16.5,66.67,35.42
Mohammad Nawaz,4.0,0,42,2,10.5,8,0,4,2,1,4,6.0,12.0,12.0,21.0,16.5,33.33,35.42
Mohammad Nawaz,2.0,0,11,0,5.5,3,0,0,0,0,4,6.0,0.0,12.0,0.0,16.5,25.0,35.42
Mohammad Nawaz,2.0,0,12,1,6.0,2,0,0,0,0,4,6.0,12.0,12.0,12.0,16.5,16.67,35.42
Mohammad Wasim,2.0,0,13,1,6.5,3,1,0,0,0,6,7.33,12.0,12.75,13.0,16.12,25.0,39.12
Mohammad Wasim,2.0,0,19,0,9.5,5,1,1,1,0,6,7.33,0.0,12.75,0.0,16.12,41.67,39.12
Mohammad Wasim,2.0,0,15,0,7.5,3,0,1,0,0,6,7.33,0.0,12.75,0.0,16.12,25.0,39.12
Mohammad Wasim,4.0,0,24,4,6.0,16,2,1,4,0,6,7.33,6.0,12.75,6.0,16.12,66.67,39.12
Mohammad Wasim,3.0,0,15,2,5.0,10,1,0,1,0,6,7.33,9.0,12.75,7.5,16.12,55.56,39.12
Mohammad Wasim,4.0,0,38,1,9.5,5,5,0,2,0,6,7.33,24.0,12.75,38.0,16.12,20.83,39.12
Mohammed Shami,3.0,0,39,0,13.0,7,4,3,0,0,6,7.43,0.0,19.2,0.0,19.4,38.89,49.77
Mohammed Shami,4.0,0,27,1,6.75,10,2,0,0,0,6,7.43,24.0,19.2,27.0,19.4,41.67,49.77
Mohammed Shami,4.0,0,25,1,6.25,14,4,0,1,0,6,7.43,24.0,19.2,25.0,19.4,58.33,49.77
Mohammed Shami,2.0,0,14,2,7.0,7,1,1,0,0,6,7.43,6.0,19.2,7.0,19.4,58.33,49.77
Mohammed Shami,3.0,0,25,1,8.33,7,2,1,0,0,6,7.43,18.0,19.2,25.0,19.4,38.89,49.77
Mohammed Shami,4.0,0,13,1,3.25,15,1,0,0,0,6,7.43,24.0,19.2,13.0,19.4,62.5,49.77
Mosaddek Hossain,4.0,0,34,2,8.5,11,3,2,0,1,3,10.17,12.0,12.0,17.0,17.0,45.83,29.17
Mosaddek Hossain,1.0,0,14,0,14.0,0,0,1,0,1,3,10.17,0.0,12.0,0.0,17.0,0.0,29.17
Mosaddek Hossain,2.0,0,16,0,8.0,5,1,1,0,0,3,10.17,0.0,12.0,0.0,17.0,41.67,29.17
Muhammad Waseem,2.0,0,16,1,8.0,3,0,1,0,0,1,8.0,12.0,12.0,16.0,16.0,25.0,25.0
Mujeeb Ur Rahman,4.0,0,22,1,5.5,10,1,0,0,0,3,7.33,24.0,20.0,22.0,25.33,41.67,37.5
Mujeeb Ur Rahman,4.0,0,24,2,6.0,12,3,0,0,0,3,7.33,12.0,20.0,12.0,25.33,50.0,37.5
Mujeeb Ur Rahman,4.0,0,42,1,10.5,5,4,1,1,0,3,7.33,24.0,20.0,42.0,25.33,20.83,37.5
Mustafizur Rahman,4.0,0,15,2,3.75,11,0,0,0,0,5,5.6,12.0,18.0,7.5,14.25,45.83,40.83
Mustafizur Rahman,4.0,0,21,1,5.25,8,0,0,0,0,5,5.6,24.0,18.0,21.0,14.25,33.33,40.83
Mustafizur Rahman,4.0,0,20,0,5.0,14,2,0,2,0,5,5.6,0.0,18.0,0.0,14.25,58.33,40.83
Mustafizur Rahman,4.0,0,31,0,7.75,9,4,0,0,0,5,5.6,0.0,18.0,0.0,14.25,37.5,40.83
Mustafizur Rahman,4.0,0,25,0,6.25,7,1,1,0,0,5,5.6,0.0,18.0,0.0,14.25,29.17,40.83
Naseem Shah,4.0,0,34,0,8.5,7,4,0,2,0,7,6.19,0.0,22.0,0.0,17.67,29.17,47.82
Naseem Shah,3.0,0,15,0,5.0,9,2,0,0,0,7,6.19,0.0,22.0,0.0,17.67,50.0,47.82
Naseem Shah,4.0,0,11,1,2.75,15,0,0,0,0,7,6.19,24.0,22.0,11.0,17.67,62.5,47.82
Naseem Shah,4.0,0,30,0,7.5,15,3,1,1,0,7,6.19,0.0,22.0,0.0,17.67,62.5,47.82
Naseem Shah,4.0,0,30,0,7.5,8,3,0,0,0,7,6.19,0.0,22.0,0.0,17.67,33.33,47.82
Naseem Shah,4.0,0,23,1,5.75,10,1,0,0,0,7,6.19,24.0,22.0,23.0,17.67,41.67,47.82
Naseem Shah,3.0,0,19,1,6.33,10,1,1,1,0,7,6.19,18.0,22.0,19.0,17.67,55.56,47.82
Nasum Ahmed,4.0,0,14,1,3.5,13,0,0,2,0,1,3.5,24.0,24.0,14.0,14.0,54.17,54.17
Naveen-ul-Haq,4.0,0,21,3,5.25,11,2,0,0,0,1,5.25,8.0,8.0,7.0,7.0,45.83,45.83
Obed McCoy,3.0,0,19,1,6.33,9,3,0,0,0,3,7.46,18.0,18.0,19.0,19.0,50.0,46.3
Obed McCoy,3.0,0,25,0,8.33,6,4,0,0,0,3,7.46,0.0,18.0,0.0,19.0,33.33,46.3
Obed McCoy,3.3,0,27,0,7.71,11,2,2,0,0,3,7.46,0.0,18.0,0.0,19.0,55.56,46.3
Odean Smith,4.0,0,31,1,7.75,6,3,0,1,0,3,9.86,24.0,21.0,31.0,31.0,25.0,34.26
Odean Smith,3.0,0,31,1,10.33,8,4,1,1,1,3,9.86,18.0,21.0,31.0,31.0,44.44,34.26
Odean Smith,2.0,0,23,0,11.5,4,3,1,0,1,3,9.86,0.0,21.0,0.0,31.0,33.33,34.26
Pat Cummins,4.0,0,22,0,5.5,12,2,0,0,0,4,8.25,0.0,18.0,0.0,25.0,50.0,47.92
Pat Cummins,4.0,0,46,0,11.5,8,4,2,2,0,4,8.25,0.0,18.0,0.0,25.0,33.33,47.92
Pat Cummins,4.0,0,36,1,9.0,12,5,1,2,0,4,8.25,24.0,18.0,36.0,25.0,50.0,47.92
Pat Cummins,4.0,0,28,2,7.0,14,3,1,1,0,4,8.25,12.0,18.0,14.0,25.0,58.33,47.92
Paul van Meekeren,4.0,0,21,2,5.25,10,1,0,0,0,8,6.53,12.0,17.43,10.5,19.24,41.67,45.14
Paul van Meekeren,4.0,0,18,1,4.5,11,1,0,1,0,8,6.53,24.0,17.43,18.0,19.24,45.83,45.14
Paul van Meekeren,3.0,0,33,1,11.0,5,1,2,1,1,8,6.53,18.0,17.43,33.0,19.24,27.78,45.14
Paul van Meekeren,4.0,0,25,2,6.25,11,3,0,1,0,8,6.53,12.0,17.43,12.5,19.24,45.83,45.14
Paul van Meekeren,4.0,0,29,3,7.25,13,3,0,2,0,8,6.53,8.0,17.43,9.67,19.24,54.17,45.14
Paul van Meekeren,4.0,0,32,1,8.0,9,3,1,0,0,8,6.53,24.0,17.43,32.0,19.24,37.5,45.14
Paul van Meekeren,4.0,0,21,0,5.25,11,1,0,0,0,8,6.53,0.0,17.43,0.0,19.24,45.83,45.14
Paul van Meekeren,4.0,0,19,1,4.75,15,2,0,0,0,8,6.53,24.0,17.43,19.0,19.24,62.5,45.14
Pramod Madushan,4.0,0,37,2,9.25,6,3,1,0,0,3,7.3,12.0,15.0,18.5,16.25,25.0,43.52
Pramod Madushan,3.0,0,14,1,4.66,12,2,0,1,0,3,7.3,18.0,15.0,14.0,16.25,66.67,43.52
Pramod Madushan,3.0,0,24,0,8.0,7,2,1,0,0,3,7.3,0.0,15.0,0.0,16.25,38.89,43.52
Rashid Khan,4.0,0,29,1,7.25,9,2,1,1,0,3,6.42,24.0,20.0,29.0,20.5,37.5,40.28
Rashid Khan,4.0,0,31,2,7.75,10,2,1,1,0,3,6.42,12.0,20.0,15.5,20.5,41.67,40.28
Rashid Khan,4.0,0,17,1,4.25,10,0,0,0,0,3,6.42,24.0,20.0,17.0,20.5,41.67,40.28
Ravichandran Ashwin,2.0,0,27,0,13.5,1,1,2,1,0,6,8.69,0.0,14.67,0.0,20.28,8.33,33.1
Ravichandran Ashwin,4.0,0,43,1,10.75,5,1,4,0,0,6,8.69,24.0,14.67,43.0,20.28,20.83,33.1
Ravichandran Ashwin,3.0,0,23,0,7.66,5,0,1,1,0,6,8.69,0.0,14.67,0.0,20.28,27.78,33.1
Ravichandran Ashwin,2.0,0,19,0,9.5,4,3,0,1,0,6,8.69,0.0,14.67,0.0,20.28,33.33,33.1
Ravichandran Ashwin,4.0,0,22,3,5.5,13,3,0,1,0,6,8.69,8.0,14.67,7.33,20.28,54.17,33.1
Ravichandran Ashwin,4.0,0,21,2,5.25,13,1,1,1,0,6,8.69,12.0,14.67,10.5,20.28,54.17,33.1
Richard Ngarava,3.0,0,20,0,6.66,9,1,1,1,0,8,7.96,0.0,14.4,0.0,18.0,50.0,51.04
Richard Ngarava,4.0,0,22,2,5.5,13,3,0,0,0,8,7.96,12.0,14.4,11.0,18.0,54.17,51.04
Richard Ngarava,4.0,1,44,1,11.0,12,2,4,1,1,8,7.96,24.0,14.4,44.0,18.0,50.0,51.04
Richard Ngarava,4.0,0,28,2,7.0,12,4,0,1,1,8,7.96,12.0,14.4,14.0,18.0,50.0,51.04
Richard Ngarava,4.0,0,24,2,6.0,11,2,0,2,0,8,7.96,12.0,14.4,12.0,18.0,45.83,51.04
Richard Ngarava,4.0,0,24,0,6.0,15,2,1,2,0,8,7.96,0.0,14.4,0.0,18.0,62.5,51.04
Richard Ngarava,1.0,0,17,0,17.0,2,4,0,0,1,8,7.96,0.0,14.4,0.0,18.0,33.33,51.04
Richard Ngarava,4.0,0,18,2,4.5,15,1,1,0,0,8,7.96,12.0,14.4,9.0,18.0,62.5,51.04
Roelof van der Merwe,3.0,0,19,1,6.33,7,0,1,0,0,6,7.03,18.0,12.0,19.0,12.5,38.89,29.63
Roelof van der Merwe,1.0,0,6,1,6.0,1,0,0,1,0,6,7.03,6.0,12.0,6.0,12.5,16.67,29.63
Roelof van der Merwe,1.0,0,7,0,7.0,1,0,0,0,0,6,7.03,0.0,12.0,0.0,12.5,16.67,29.63
Roelof van der Merwe,3.0,0,16,0,5.33,10,2,0,0,0,6,7.03,0.0,12.0,0.0,12.5,55.56,29.63
Roelof van der Merwe,2.0,0,19,0,9.5,2,2,0,0,0,6,7.03,0.0,12.0,0.0,12.5,16.67,29.63
Roelof van der Merwe,1.0,0,8,0,8.0,2,1,0,0,0,6,7.03,0.0,12.0,0.0,12.5,33.33,29.63
Ruben Trumpelmann,4.0,0,22,0,5.5,10,0,0,3,0,1,5.5,0.0,0.0,0.0,0.0,41.67,41.67
Ryan Burl,1.0,0,14,0,14.0,1,1,1,0,0,3,10.0,0.0,0.0,0.0,0.0,16.67,14.81
Ryan Burl,1.0,0,7,0,7.0,0,0,0,0,0,3,10.0,0.0,0.0,0.0,0.0,0.0,14.81
Ryan Burl,3.0,0,27,0,9.0,5,3,1,0,0,3,10.0,0.0,0.0,0.0,0.0,27.78,14.81
Safyaan Sharif,3.0,0,32,1,10.66,3,4,0,1,0,3,8.81,18.0,18.9,32.0,27.5,16.67,27.0
Safyaan Sharif,3.3,0,23,1,6.57,7,2,0,2,0,3,8.81,19.8,18.9,23.0,27.5,35.35,27.0
Safyaan Sharif,2.3,0,23,0,9.2,4,3,0,0,1,3,8.81,0.0,18.9,0.0,27.5,28.99,27.0
Sam Curran,3.4,0,10,5,2.72,16,1,0,1,0,6,6.63,4.08,11.42,2.0,12.3,78.43,49.41
Sam Curran,4.0,0,12,3,3.0,15,0,0,0,0,6,6.63,8.0,11.42,4.0,12.3,62.5,49.41
Sam Curran,4.0,0,27,1,6.75,10,2,1,0,0,6,6.63,24.0,11.42,27.0,12.3,41.67,49.41
Sam Curran,4.0,0,42,0,10.5,9,5,2,0,0,6,6.63,0.0,11.42,0.0,12.3,37.5,49.41
Sam Curran,3.0,0,31,2,10.33,7,1,2,0,0,6,6.63,9.0,11.42,15.5,12.3,38.89,49.41
Sam Curran,4.0,0,26,2,6.5,9,0,0,2,0,6,6.63,12.0,11.42,13.0,12.3,37.5,49.41
Sean Williams,2.0,0,15,0,7.5,1,0,0,1,0,7,6.09,0.0,13.5,0.0,12.88,8.33,30.56
Sean Williams,3.0,0,17,1,5.66,7,1,0,0,1,7,6.09,18.0,13.5,17.0,12.88,38.89,30.56
Sean Williams,3.0,0,19,0,6.33,4,1,0,0,0,7,6.09,0.0,13.5,0.0,12.88,22.22,30.56
Sean Williams,2.0,0,10,1,5.0,4,0,0,1,0,7,6.09,12.0,13.5,10.0,12.88,33.33,30.56
Sean Williams,2.0,0,9,2,4.5,6,0,0,2,0,7,6.09,6.0,13.5,4.5,12.88,50.0,30.56
Sean Williams,3.0,0,21,0,7.0,8,2,1,0,0,7,6.09,0.0,13.5,0.0,12.88,44.44,30.56
Sean Williams,3.0,0,20,1,6.66,3,0,0,0,0,7,6.09,18.0,13.5,20.0,12.88,16.67,30.56
Shadab Khan,4.0,0,20,1,5.0,10,1,0,0,0,7,6.46,24.0,11.6,20.0,11.6,41.67,38.1
Shadab Khan,4.0,0,30,2,7.5,8,3,0,0,0,7,6.46,12.0,11.6,15.0,11.6,33.33,38.1
Shadab Khan,4.0,0,21,0,5.25,10,2,0,0,0,7,6.46,0.0,11.6,0.0,11.6,41.67,38.1
Shadab Khan,4.0,0,22,3,5.5,11,2,0,0,0,7,6.46,8.0,11.6,7.33,11.6,45.83,38.1
Shadab Khan,2.0,0,16,2,8.0,5,1,1,0,0,7,6.46,6.0,11.6,8.0,11.6,41.67,38.1
Shadab Khan,4.0,0,33,0,8.25,7,3,1,0,0,7,6.46,0.0,11.6,0.0,11.6,29.17,38.1
Shadab Khan,4.0,0,23,3,5.75,8,1,0,0,0,7,6.46,8.0,11.6,7.67,11.6,33.33,38.1
Shaheen Shah Afridi,4.0,0,24,2,6.0,11,2,0,0,0,7,6.09,12.0,12.12,12.0,10.83,45.83,47.08
Shaheen Shah Afridi,4.0,0,22,4,5.5,13,2,1,0,0,7,6.09,6.0,12.12,5.5,10.83,54.17,47.08
Shaheen Shah Afridi,3.0,0,14,3,4.66,11,2,0,0,0,7,6.09,6.0,12.12,4.67,10.83,61.11,47.08
Shaheen Shah Afridi,4.0,0,19,1,4.75,13,1,0,1,0,7,6.09,24.0,12.12,19.0,10.83,54.17,47.08
Shaheen Shah Afridi,4.0,0,34,0,8.5,7,4,0,1,0,7,6.09,0.0,12.12,0.0,10.83,29.17,47.08
Shaheen Shah Afridi,4.0,0,29,0,7.25,9,3,0,0,0,7,6.09,0.0,12.12,0.0,10.83,37.5,47.08
Shaheen Shah Afridi,2.1,0,13,1,6.0,6,1,0,0,0,7,6.09,12.6,12.12,13.0,10.83,47.62,47.08
Shakib Al Hasan,4.0,0,32,1,8.0,6,0,2,1,0,5,8.9,24.0,17.25,32.0,25.0,25.0,24.44
Shakib Al Hasan,4.0,0,35,1,8.75,6,5,0,0,0,5,8.9,24.0,17.25,35.0,25.0,25.0,24.44
Shakib Al Hasan,3.0,0,33,2,11.0,7,1,3,0,1,5,8.9,9.0,17.25,16.5,25.0,38.89,24.44
Shakib Al Hasan,4.0,0,33,2,8.25,3,2,0,0,0,5,8.9,12.0,17.25,16.5,25.0,12.5,24.44
Shakib Al Hasan,4.0,0,34,0,8.5,5,3,0,0,0,5,8.9,0.0,17.25,0.0,25.0,20.83,24.44
Shariz Ahmad,1.0,0,5,0,5.0,2,0,0,0,0,2,7.0,0.0,18.0,0.0,27.0,33.33,30.56
Shariz Ahmad,3.0,0,27,1,9.0,5,1,2,0,0,2,7.0,18.0,18.0,27.0,27.0,27.78,30.56
Shoriful Islam,4.0,0,57,0,14.25,7,4,4,2,2,1,14.25,0.0,0.0,0.0,0.0,29.17,29.17
Sikandar Raza,4.0,0,25,3,6.25,13,2,1,2,0,8,6.88,8.0,16.67,8.33,18.28,54.17,27.78
Sikandar Raza,3.0,0,22,1,7.33,8,1,1,1,0,8,6.88,18.0,16.67,22.0,18.28,44.44,27.78
Sikandar Raza,4.0,0,19,3,4.75,7,0,0,0,0,8,6.88,8.0,16.67,6.33,18.28,29.17,27.78
Sikandar Raza,1.0,0,11,0,11.0,1,0,0,0,1,8,6.88,0.0,16.67,0.0,18.28,16.67,27.78
Sikandar Raza,4.0,0,35,1,8.75,2,2,1,0,0,8,6.88,24.0,16.67,35.0,18.28,8.33,27.78
Sikandar Raza,1.0,0,6,0,6.0,0,0,0,0,0,8,6.88,0.0,16.67,0.0,18.28,0.0,27.78
Sikandar Raza,4.0,0,20,1,5.0,10,0,0,2,0,8,6.88,24.0,16.67,20.0,18.28,41.67,27.78
Sikandar Raza,3.0,0,18,1,6.0,5,0,1,0,0,8,6.88,18.0,16.67,18.0,18.28,27.78,27.78
Simi Singh,2.0,0,20,0,10.0,3,0,2,0,0,4,8.46,0.0,10.5,0.0,13.25,25.0,25.69
Simi Singh,2.0,0,11,1,5.5,4,1,0,0,0,4,8.46,12.0,10.5,11.0,13.25,33.33,25.69
Simi Singh,3.0,0,31,2,10.33,5,2,2,1,0,4,8.46,9.0,10.5,15.5,13.25,27.78,25.69
Simi Singh,2.0,0,16,0,8.0,2,2,0,0,0,4,8.46,0.0,10.5,0.0,13.25,16.67,25.69
Soumya Sarkar,3.0,0,29,1,9.66,5,2,1,1,0,1,9.66,18.0,18.0,29.0,29.0,27.78,27.78
Tabraiz Shamsi,4.0,0,20,3,5.0,12,0,1,2,0,2,7.0,8.0,16.0,6.67,21.33,50.0,41.67
Tabraiz Shamsi,4.0,0,36,1,9.0,8,2,2,2,0,2,7.0,24.0,16.0,36.0,21.33,33.33,41.67
Taskin Ahmed,3.0,0,46,1,15.33,7,6,2,0,3,5,7.75,18.0,10.67,46.0,19.53,38.89,58.06
Taskin Ahmed,4.0,0,25,4,6.25,16,5,0,0,0,5,7.75,6.0,10.67,6.25,19.53,66.67,58.06
Taskin Ahmed,4.0,1,19,3,4.75,15,3,0,0,0,5,7.75,8.0,10.67,6.33,19.53,62.5,58.06
Taskin Ahmed,3.0,0,26,0,8.66,10,1,2,0,1,5,7.75,0.0,10.67,0.0,19.53,55.56,58.06
Taskin Ahmed,4.0,0,15,0,3.75,16,2,0,0,0,5,7.75,0.0,10.67,0.0,19.53,66.67,58.06
Tendai Chatara,4.0,0,22,0,5.5,14,4,0,0,0,7,8.48,0.0,12.0,0.0,9.0,58.33,36.9
Tendai Chatara,4.0,0,34,0,8.5,5,3,1,0,0,7,8.48,0.0,12.0,0.0,9.0,20.83,36.9
Tendai Chatara,1.0,0,23,0,23.0,0,4,1,0,0,7,8.48,0.0,12.0,0.0,9.0,0.0,36.9
Tendai Chatara,3.0,0,22,0,7.33,5,2,0,2,0,7,8.48,0.0,12.0,0.0,9.0,27.78,36.9
Tendai Chatara,4.0,0,22,2,5.5,13,1,1,2,0,7,8.48,12.0,12.0,11.0,9.0,54.17,36.9
Tendai Chatara,3.0,0,18,0,6.0,7,1,0,0,0,7,8.48,0.0,12.0,0.0,9.0,38.89,36.9
Tendai Chatara,4.0,1,14,2,3.5,14,1,0,0,0,7,8.48,12.0,12.0,7.0,9.0,58.33,36.9
Tim Pringle,4.0,0,30,0,7.5,6,3,0,0,0,6,6.68,0.0,18.0,0.0,12.67,25.0,34.95
Tim Pringle,2.0,0,10,1,5.0,4,0,0,0,0,6,6.68,12.0,18.0,10.0,12.67,33.33,34.95
Tim Pringle,3.0,0,22,0,7.33,8,0,2,0,0,6,6.68,0.0,18.0,0.0,12.67,44.44,34.95
Tim Pringle,4.0,0,13,1,3.25,11,0,0,0,0,6,6.68,24.0,18.0,13.0,12.67,45.83,34.95
Tim Pringle,3.0,0,15,1,5.0,8,0,0,0,0,6,6.68,18.0,18.0,15.0,12.67,44.44,34.95
Tim Pringle,1.0,0,12,0,12.0,1,2,0,0,0,6,6.68,0.0,18.0,0.0,12.67,16.67,34.95
Tim Southee,4.0,1,12,1,3.0,18,0,1,1,0,5,6.27,24.0,16.05,12.0,17.88,75.0,52.57
Tim Southee,4.0,0,43,1,10.75,9,3,3,0,0,5,6.27,24.0,16.05,43.0,17.88,37.5,52.57
Tim Southee,2.1,0,6,3,2.76,10,1,0,0,0,5,6.27,4.2,16.05,2.0,17.88,79.37,52.57
Tim Southee,4.0,0,29,2,7.25,8,2,1,0,0,5,6.27,12.0,16.05,14.5,17.88,33.33,52.57
Tim Southee,3.1,0,24,0,7.57,7,3,0,2,0,5,6.27,0.0,16.05,0.0,17.88,37.63,52.57
Timm van der Gugten,3.0,0,29,0,9.66,4,1,1,2,0,2,10.0,0.0,18.0,0.0,31.0,22.22,19.44
Timm van der Gugten,3.0,0,31,1,10.33,3,2,1,0,0,2,10.0,18.0,18.0,31.0,31.0,16.67,19.44
Trent Boult,4.0,0,24,2,6.0,13,2,1,1,0,5,7.4,12.0,10.0,12.0,10.58,54.17,46.67
Trent Boult,4.0,0,33,2,8.25,9,5,0,0,0,5,7.4,12.0,10.0,16.5,10.58,37.5,46.67
Trent Boult,4.0,0,38,0,9.5,8,4,1,0,0,5,7.4,0.0,10.0,0.0,10.58,33.33,46.67
Trent Boult,4.0,0,13,4,3.25,18,1,0,1,0,5,7.4,6.0,10.0,3.25,10.58,75.0,46.67
Trent Boult,4.0,0,40,0,10.0,8,4,1,1,0,5,7.4,0.0,10.0,0.0,10.58,33.33,46.67
Wanindu Hasaranga,4.0,0,22,1,5.5,9,1,0,0,0,8,6.77,24.0,13.71,22.0,12.76,37.5,38.54
Wanindu Hasaranga,4.0,0,13,3,3.25,12,0,0,0,0,8,6.77,8.0,13.71,4.33,12.76,50.0,38.54
Wanindu Hasaranga,4.0,0,27,1,6.75,8,1,1,0,0,8,6.77,24.0,13.71,27.0,12.76,33.33,38.54
Wanindu Hasaranga,4.0,0,28,3,7.0,11,3,0,0,0,8,6.77,8.0,13.71,9.33,12.76,45.83,38.54
Wanindu Hasaranga,4.0,1,8,3,2.0,17,0,0,0,0,8,6.77,8.0,13.71,2.67,12.76,70.83,38.54
Wanindu Hasaranga,4.0,0,23,2,5.75,11,1,1,0,0,8,6.77,12.0,13.71,11.5,12.76,45.83,38.54
Wanindu Hasaranga,4.0,0,25,2,6.25,6,0,1,0,0,8,6.77,12.0,13.71,12.5,12.76,25.0,38.54
Wanindu Hasaranga,3.0,0,53,0,17.66,0,3,5,0,0,8,6.77,0.0,13.71,0.0,12.76,0.0,38.54
Wayne Parnell,4.0,1,15,3,3.75,16,0,1,0,0,5,6.3,8.0,14.67,5.0,14.0,66.67,50.0
Wayne Parnell,2.0,0,18,0,9.0,3,0,1,1,0,5,6.3,0.0,14.67,0.0,14.0,25.0,50.0
Wayne Parnell,4.0,0,32,0,8.0,10,2,2,1,0,5,6.3,0.0,14.67,0.0,14.0,41.67,50.0
Wayne Parnell,2.0,0,6,1,3.0,9,1,0,0,0,5,6.3,12.0,14.67,6.0,14.0,75.0,50.0
Wayne Parnell,4.0,0,31,1,7.75,10,3,1,0,0,5,6.3,24.0,14.67,31.0,14.0,41.67,50.0
Wellington Masakadza,2.0,0,12,0,6.0,5,1,0,1,0,1,6.0,0.0,0.0,0.0,0.0,41.67,41.67
Wessly Madhevere,1.0,0,7,0,7.0,1,0,0,0,0,2,8.0,0.0,0.0,0.0,0.0,16.67,8.33
Wessly Madhevere,2.0,0,18,0,9.0,0,1,0,0,0,2,8.0,0.0,0.0,0.0,0.0,0.0,8.33
Zahoor Khan,4.0,0,11,1,2.75,14,0,0,0,0,3,4.75,24.0,16.0,11.0,11.33,58.33,54.17
Zahoor Khan,4.0,0,20,2,5.0,15,1,0,2,2,3,4.75,12.0,16.0,10.0,11.33,62.5,54.17
Zahoor Khan,4.0,0,26,2,6.5,10,3,0,0,0,3,4.75,12.0,16.0,13.0,11.33,41.67,54.17
Zawar Farid,2.5,0,24,0,8.47,2,2,0,0,0,1,8.47,0.0,0.0,0.0,0.0,13.33,13.33
