batsmanName,runs,balls,minutes,4s,6s,SR,inning_batted,Average_SR,boundaries,boundary_runs,boundary_percentage,Average_Boundary_Percentage,total_runs,batting_average
Aaron Finch (c),13,11,20,1,1,118.18,3,111.72000000000001,2,10,76.92307692307693,52.19845865007156,107,35.666666666666664
Aaron Finch (c),63,44,87,5,3,143.18,3,111.72000000000001,8,38,60.317460317460316,52.19845865007156,107,35.666666666666664
Aaron Finch (c),31,42,89,0,1,73.8,3,111.72000000000001,1,6,19.35483870967742,52.19845865007156,107,35.666666666666664
Aayan Afzal Khan,5,7,8,0,0,71.42,2,80.945,0,0,0.0,10.526315789473683,24,12.0
Aayan Afzal Khan,19,21,33,1,0,90.47,2,80.945,1,4,21.052631578947366,10.526315789473683,24,12.0
Adam Zampa,0,2,3,0,0,0.0,2,50.0,0,0,,0.0,1,0.5
Adam Zampa,1,1,5,0,0,100.0,2,50.0,0,0,0.0,0.0,1,0.5
Afif Hossain,29,19,40,1,1,152.63,5,98.674,2,10,34.48275862068966,27.422867513611617,95,19.0
Afif Hossain,1,5,8,0,0,20.0,5,98.674,0,0,0.0,27.422867513611617,95,19.0
Afif Hossain,3,5,12,0,0,60.0,5,98.674,0,0,0.0,27.422867513611617,95,19.0
Afif Hossain,24,20,47,3,0,120.0,5,98.674,3,12,50.0,27.422867513611617,95,19.0
Afif Hossain,38,27,47,2,2,140.74,5,98.674,4,20,52.63157894736842,27.422867513611617,95,19.0
Aiden Markram,17,13,30,2,0,130.76,4,122.8325,2,8,47.05882352941176,56.18778280542986,99,24.75
Aiden Markram,20,14,28,4,0,142.85,4,122.8325,4,16,80.0,56.18778280542986,99,24.75
Aiden Markram,10,11,16,1,0,90.9,4,122.8325,1,4,40.0,56.18778280542986,99,24.75
Aiden Markram,52,41,72,6,1,126.82,4,122.8325,7,30,57.692307692307686,56.18778280542986,99,24.75
Akeal Hosein,1,1,4,0,0,100.0,2,113.88499999999999,0,0,0.0,17.391304347826086,24,12.0
Akeal Hosein,23,18,31,2,0,127.77,2,113.88499999999999,2,8,34.78260869565217,17.391304347826086,24,12.0
Alex Hales,1,2,6,0,0,50.0,6,125.77166666666666,0,0,0.0,48.98145098215412,212,35.333333333333336
Alex Hales,47,30,42,7,1,156.66,6,125.77166666666666,8,34,72.3404255319149,48.98145098215412,212,35.333333333333336
Alex Hales,52,40,46,7,1,130.0,6,125.77166666666666,8,34,65.38461538461539,48.98145098215412,212,35.333333333333336
Alex Hales,19,20,41,0,1,95.0,6,125.77166666666666,1,6,31.57894736842105,48.98145098215412,212,35.333333333333336
Alex Hales,86,47,74,4,7,182.97,6,125.77166666666666,11,58,67.44186046511628,48.98145098215412,212,35.333333333333336
Alex Hales,7,5,14,1,0,140.0,6,125.77166666666666,1,4,57.14285714285714,48.98145098215412,212,35.333333333333336
Alishan Sharafu,4,4,10,0,0,100.0,1,100.0,0,0,0.0,0.0,4,4.0
Alzarri Joseph,0,1,4,0,0,0.0,1,0.0,0,0,,,0,0.0
Andy Balbirnie (c),1,5,7,0,0,20.0,7,101.44857142857143,0,0,0.0,49.97669163567781,153,21.857142857142858
Andy Balbirnie (c),3,4,20,0,0,75.0,7,101.44857142857143,0,0,0.0,49.97669163567781,153,21.857142857142858
Andy Balbirnie (c),62,47,74,5,2,131.91,7,101.44857142857143,7,32,51.61290322580645,49.97669163567781,153,21.857142857142858
Andy Balbirnie (c),14,12,15,2,0,116.66,7,101.44857142857143,2,8,57.14285714285714,49.97669163567781,153,21.857142857142858
Andy Balbirnie (c),6,7,11,0,1,85.71,7,101.44857142857143,1,6,100.0,49.97669163567781,153,21.857142857142858
Andy Balbirnie (c),30,25,36,0,3,120.0,7,101.44857142857143,3,18,60.0,49.97669163567781,153,21.857142857142858
Andy Balbirnie (c),37,23,34,3,3,160.86,7,101.44857142857143,6,30,81.08108108108108,49.97669163567781,153,21.857142857142858
Anrich Nortje,4,1,2,1,0,400.0,2,210.0,1,4,100.0,50.0,5,2.5
Anrich Nortje,1,5,8,0,0,20.0,2,210.0,0,0,0.0,50.0,5,2.5
Arshdeep Singh,2,1,2,0,0,200.0,1,200.0,0,0,0.0,0.0,2,2.0
Aryan Lakra,1,3,4,0,0,33.33,1,33.33,0,0,0.0,0.0,1,1.0
Asif Ali,2,3,6,0,0,66.66,1,66.66,0,0,0.0,0.0,2,2.0
Axar Patel,7,6,6,1,0,116.66,3,61.10666666666666,1,4,57.14285714285714,28.57142857142857,9,3.0
Axar Patel,0,0,6,0,0,0.0,3,61.10666666666666,0,0,,28.57142857142857,9,3.0
Axar Patel,2,3,7,0,0,66.66,3,61.10666666666666,0,0,0.0,28.57142857142857,9,3.0
Azmatullah Omarzai,8,6,11,1,0,133.33,2,104.165,1,4,50.0,25.0,11,5.5
Azmatullah Omarzai,3,4,3,0,0,75.0,2,104.165,0,0,0.0,25.0,11,5.5
Babar Azam (c),4,5,10,1,0,80.0,7,68.66571428571429,1,4,100.0,51.638364779874216,124,17.714285714285715
Babar Azam (c),25,33,46,2,0,75.75,7,68.66571428571429,2,8,32.0,51.638364779874216,124,17.714285714285715
Babar Azam (c),53,42,56,7,0,126.19,7,68.66571428571429,7,28,52.83018867924528,51.638364779874216,124,17.714285714285715
Babar Azam (c),32,28,58,2,0,114.28,7,68.66571428571429,2,8,25.0,51.638364779874216,124,17.714285714285715
Babar Azam (c),6,15,29,0,0,40.0,7,68.66571428571429,0,0,0.0,51.638364779874216,124,17.714285714285715
Babar Azam (c),0,1,10,0,0,0.0,7,68.66571428571429,0,0,,51.638364779874216,124,17.714285714285715
Babar Azam (c),4,9,17,1,0,44.44,7,68.66571428571429,1,4,100.0,51.638364779874216,124,17.714285714285715
Barry McCarthy,6,5,10,0,0,120.0,5,100.07000000000001,0,0,0.0,14.545454545454547,36,7.2
Barry McCarthy,3,7,16,0,0,42.85,5,100.07000000000001,0,0,0.0,14.545454545454547,36,7.2
Barry McCarthy,3,3,4,0,0,100.0,5,100.07000000000001,0,0,0.0,14.545454545454547,36,7.2
Barry McCarthy,2,2,7,0,0,100.0,5,100.07000000000001,0,0,0.0,14.545454545454547,36,7.2
Barry McCarthy,22,16,23,1,2,137.5,5,100.07000000000001,3,16,72.72727272727273,14.545454545454547,36,7.2
Bas de Leede,30,30,51,2,0,100.0,8,67.38875,2,8,26.666666666666668,37.142857142857146,93,11.625
Bas de Leede,6,16,15,1,0,37.5,8,67.38875,1,4,66.66666666666666,37.142857142857146,93,11.625
Bas de Leede,12,12,21,2,0,100.0,8,67.38875,2,8,66.66666666666666,37.142857142857146,93,11.625
Bas de Leede,14,10,12,1,1,140.0,8,67.38875,2,10,71.42857142857143,37.142857142857146,93,11.625
Bas de Leede,1,7,11,0,0,14.28,8,67.38875,0,0,0.0,37.142857142857146,93,11.625
Bas de Leede,0,1,2,0,0,0.0,8,67.38875,0,0,,37.142857142857146,93,11.625
Bas de Leede,16,23,27,0,0,69.56,8,67.38875,0,0,0.0,37.142857142857146,93,11.625
Bas de Leede,14,18,37,1,0,77.77,8,67.38875,1,4,28.57142857142857,37.142857142857146,93,11.625
Basil Hameed,4,4,7,1,0,100.0,3,103.96666666666665,1,4,100.0,60.0,31,10.333333333333334
Basil Hameed,25,14,13,2,2,178.57,3,103.96666666666665,4,20,80.0,60.0,31,10.333333333333334
Basil Hameed,2,6,14,0,0,33.33,3,103.96666666666665,0,0,0.0,60.0,31,10.333333333333334
Ben Stokes,6,8,14,0,0,75.0,5,92.412,0,0,0.0,13.80952380952381,110,22.0
Ben Stokes,52,49,81,5,1,106.12,5,92.412,6,26,50.0,13.80952380952381,110,22.0
Ben Stokes,8,7,11,0,0,114.28,5,92.412,0,0,0.0,13.80952380952381,110,22.0
Ben Stokes,2,4,11,0,0,50.0,5,92.412,0,0,0.0,13.80952380952381,110,22.0
Ben Stokes,42,36,59,2,0,116.66,5,92.412,2,8,19.047619047619047,13.80952380952381,110,22.0
Bernard Scholtz,1,1,-,0,0,100.0,1,100.0,0,0,0.0,0.0,1,1.0
Bhanuka Rajapaksa,19,13,18,2,0,146.15,7,118.14142857142858,2,8,42.10526315789473,47.29263954385582,125,17.857142857142858
Bhanuka Rajapaksa,34,22,38,3,2,154.54,7,118.14142857142858,5,24,70.58823529411765,47.29263954385582,125,17.857142857142858
Bhanuka Rajapaksa,5,8,19,0,0,62.5,7,118.14142857142858,0,0,0.0,47.29263954385582,125,17.857142857142858
Bhanuka Rajapaksa,18,14,24,3,0,128.57,7,118.14142857142858,3,12,66.66666666666666,47.29263954385582,125,17.857142857142858
Bhanuka Rajapaksa,7,5,9,1,0,140.0,7,118.14142857142858,1,4,57.14285714285714,47.29263954385582,125,17.857142857142858
Bhanuka Rajapaksa,20,21,39,2,0,95.23,7,118.14142857142858,2,8,40.0,47.29263954385582,125,17.857142857142858
Bhanuka Rajapaksa,22,22,41,3,0,100.0,7,118.14142857142858,3,12,54.54545454545454,47.29263954385582,125,17.857142857142858
Bhuvneshwar Kumar,4,6,9,0,0,66.66,1,66.66,0,0,0.0,0.0,4,4.0
Blessing Muzarabani,1,4,9,0,0,25.0,4,12.5,0,0,0.0,0.0,2,0.5
Blessing Muzarabani,1,4,4,0,0,25.0,4,12.5,0,0,0.0,0.0,2,0.5
Blessing Muzarabani,0,2,6,0,0,0.0,4,12.5,0,0,,0.0,2,0.5
Blessing Muzarabani,0,2,5,0,0,0.0,4,12.5,0,0,,0.0,2,0.5
Brad Evans,19,15,24,0,1,126.66,2,113.33,1,6,31.57894736842105,15.789473684210526,21,10.5
Brad Evans,2,2,5,0,0,100.0,2,113.33,0,0,0.0,15.789473684210526,21,10.5
Brandon King,17,15,24,3,0,113.33,2,121.245,3,12,70.58823529411765,59.4876660341556,79,39.5
Brandon King,62,48,80,6,1,129.16,2,121.245,7,30,48.38709677419355,59.4876660341556,79,39.5
CP Rizwan (c),1,2,7,0,0,50.0,3,77.2,0,0,0.0,13.953488372093025,45,15.0
CP Rizwan (c),1,3,8,0,0,33.33,3,77.2,0,0,0.0,13.953488372093025,45,15.0
CP Rizwan (c),43,29,55,3,1,148.27,3,77.2,4,18,41.86046511627907,13.953488372093025,45,15.0
Calum MacLeod,0,3,6,0,0,0.0,3,86.81,0,0,,42.78260869565217,48,16.0
Calum MacLeod,23,14,15,4,0,164.28,3,86.81,4,16,69.56521739130434,42.78260869565217,48,16.0
Calum MacLeod,25,26,46,1,0,96.15,3,86.81,1,4,16.0,42.78260869565217,48,16.0
Cameron Green,3,2,12,0,0,150.0,1,150.0,0,0,0.0,0.0,3,3.0
Chamika Karunaratne,5,8,15,0,0,62.5,6,78.78666666666668,0,0,0.0,21.428571428571427,32,5.333333333333333
Chamika Karunaratne,0,2,3,0,0,0.0,6,78.78666666666668,0,0,,21.428571428571427,32,5.333333333333333
Chamika Karunaratne,3,8,13,0,0,37.5,6,78.78666666666668,0,0,0.0,21.428571428571427,32,5.333333333333333
Chamika Karunaratne,2,2,4,0,0,100.0,6,78.78666666666668,0,0,0.0,21.428571428571427,32,5.333333333333333
Chamika Karunaratne,14,7,16,2,0,200.0,6,78.78666666666668,2,8,57.14285714285714,21.428571428571427,32,5.333333333333333
Chamika Karunaratne,8,11,22,1,0,72.72,6,78.78666666666668,1,4,50.0,21.428571428571427,32,5.333333333333333
Charith Asalanka,19,18,27,1,0,105.55,7,91.52285714285715,1,4,21.052631578947366,24.787775891341255,131,18.714285714285715
Charith Asalanka,8,9,15,0,0,88.88,7,91.52285714285715,0,0,0.0,24.787775891341255,131,18.714285714285715
Charith Asalanka,38,25,45,3,2,152.0,7,91.52285714285715,5,24,63.1578947368421,24.787775891341255,131,18.714285714285715
Charith Asalanka,0,1,2,0,0,0.0,7,91.52285714285715,0,0,,24.787775891341255,131,18.714285714285715
Charith Asalanka,31,30,38,3,0,103.33,7,91.52285714285715,3,12,38.70967741935484,24.787775891341255,131,18.714285714285715
Charith Asalanka,31,22,33,2,0,140.9,7,91.52285714285715,2,8,25.806451612903224,24.787775891341255,131,18.714285714285715
Charith Asalanka,4,8,11,0,0,50.0,7,91.52285714285715,0,0,0.0,24.787775891341255,131,18.714285714285715
Chirag Suri,12,20,28,1,0,60.0,2,66.84,1,4,33.33333333333333,59.52380952380952,26,13.0
Chirag Suri,14,19,31,3,0,73.68,2,66.84,3,12,85.71428571428571,59.52380952380952,26,13.0
Chris Greaves,3,7,10,0,0,42.85,2,94.14999999999999,0,0,0.0,25.0,19,9.5
Chris Greaves,16,11,19,2,0,145.45,2,94.14999999999999,2,8,50.0,25.0,19,9.5
Chris Woakes,5,3,11,1,0,166.66,1,166.66,1,4,80.0,80.0,5,5.0
Colin Ackermann,27,27,40,2,0,100.0,8,72.15875,2,8,29.629629629629626,32.21492577565455,165,20.625
Colin Ackermann,1,5,6,0,0,20.0,8,72.15875,0,0,0.0,32.21492577565455,165,20.625
Colin Ackermann,41,26,31,3,2,157.69,8,72.15875,5,24,58.536585365853654,32.21492577565455,165,20.625
Colin Ackermann,0,1,4,0,0,0.0,8,72.15875,0,0,,32.21492577565455,165,20.625
Colin Ackermann,17,19,33,1,0,89.47,8,72.15875,1,4,23.52941176470588,32.21492577565455,165,20.625
Colin Ackermann,62,48,77,6,2,129.16,8,72.15875,8,36,58.06451612903226,32.21492577565455,165,20.625
Colin Ackermann,17,21,31,1,0,80.95,8,72.15875,1,4,23.52941176470588,32.21492577565455,165,20.625
Colin Ackermann,0,2,2,0,0,0.0,8,72.15875,0,0,,32.21492577565455,165,20.625
Craig Ervine (c),3,12,18,0,0,25.0,7,77.38142857142857,0,0,0.0,41.352497069375474,112,16.0
Craig Ervine (c),8,7,16,2,0,114.28,7,77.38142857142857,2,8,100.0,41.352497069375474,112,16.0
Craig Ervine (c),58,54,79,6,0,107.4,7,77.38142857142857,6,24,41.37931034482759,41.352497069375474,112,16.0
Craig Ervine (c),19,19,26,2,0,100.0,7,77.38142857142857,2,8,42.10526315789473,41.352497069375474,112,16.0
Craig Ervine (c),9,12,28,1,0,75.0,7,77.38142857142857,1,4,44.44444444444444,41.352497069375474,112,16.0
Craig Ervine (c),13,15,37,2,0,86.66,7,77.38142857142857,2,8,61.53846153846154,41.352497069375474,112,16.0
Craig Ervine (c),2,6,11,0,0,33.33,7,77.38142857142857,0,0,0.0,41.352497069375474,112,16.0
Curtis Campher,2,4,6,0,0,50.0,6,110.22500000000001,0,0,0.0,38.835978835978835,126,21.0
Curtis Campher,27,22,41,1,0,122.72,6,110.22500000000001,1,4,14.814814814814813,38.835978835978835,126,21.0
Curtis Campher,0,1,5,0,0,0.0,6,110.22500000000001,0,0,,38.835978835978835,126,21.0
Curtis Campher,72,32,48,7,2,225.0,6,110.22500000000001,9,40,55.55555555555556,38.835978835978835,126,21.0
Curtis Campher,18,11,22,3,0,163.63,6,110.22500000000001,3,12,66.66666666666666,38.835978835978835,126,21.0
Curtis Campher,7,7,10,1,0,100.0,6,110.22500000000001,1,4,57.14285714285714,38.835978835978835,126,21.0
Danushka Gunathilaka,0,1,2,0,0,0.0,1,0.0,0,0,,,0,0.0
Darwish Rasooli,15,13,28,1,0,115.38,1,115.38,1,4,26.666666666666668,26.666666666666668,15,15.0
Daryl Mitchell,22,24,52,0,0,91.66,4,112.6725,0,0,0.0,14.942178940961655,109,27.25
Daryl Mitchell,3,5,10,0,0,60.0,4,112.6725,0,0,0.0,14.942178940961655,109,27.25
Daryl Mitchell,53,35,60,3,1,151.42,4,112.6725,4,18,33.9622641509434,14.942178940961655,109,27.25
Daryl Mitchell,31,21,35,2,0,147.61,4,112.6725,2,8,25.806451612903224,14.942178940961655,109,27.25
Dasun Shanaka (c),3,8,12,0,0,37.5,7,70.42142857142856,0,0,0.0,37.22660098522167,78,11.142857142857142
Dasun Shanaka (c),29,23,37,2,1,126.08,7,70.42142857142856,3,14,48.275862068965516,37.22660098522167,78,11.142857142857142
Dasun Shanaka (c),35,32,49,4,1,109.37,7,70.42142857142856,5,22,62.857142857142854,37.22660098522167,78,11.142857142857142
Dasun Shanaka (c),0,0,4,0,0,0.0,7,70.42142857142856,0,0,,37.22660098522167,78,11.142857142857142
Dasun Shanaka (c),8,5,9,0,1,160.0,7,70.42142857142856,1,6,75.0,37.22660098522167,78,11.142857142857142
Dasun Shanaka (c),0,1,2,0,0,0.0,7,70.42142857142856,0,0,,37.22660098522167,78,11.142857142857142
Dasun Shanaka (c),3,5,6,0,0,60.0,7,70.42142857142856,0,0,0.0,37.22660098522167,78,11.142857142857142
David Miller,17,17,28,1,0,100.0,3,92.75333333333333,1,4,23.52941176470588,27.05217680292456,78,26.0
David Miller,59,46,78,4,3,128.26,3,92.75333333333333,7,34,57.6271186440678,27.05217680292456,78,26.0
David Miller,2,4,8,0,0,50.0,3,92.75333333333333,0,0,0.0,27.05217680292456,78,26.0
David Warner,5,6,7,1,0,83.33,4,93.765,1,4,80.0,40.0,44,11.0
David Warner,3,7,13,0,0,42.85,4,93.765,0,0,0.0,40.0,44,11.0
David Warner,11,10,26,0,0,110.0,4,93.765,0,0,0.0,40.0,44,11.0
David Warner,25,18,28,5,0,138.88,4,93.765,5,20,80.0,40.0,44,11.0
David Wiese,55,36,65,3,3,152.77,3,124.25666666666666,6,30,54.54545454545454,45.45454545454545,66,22.0
David Wiese,0,1,4,0,0,0.0,3,124.25666666666666,0,0,,45.45454545454545,66,22.0
David Wiese,11,5,8,1,0,220.0,3,124.25666666666666,1,4,36.36363636363637,45.45454545454545,66,22.0
Dawid Malan,3,1,1,0,0,300.0,3,151.53,0,0,0.0,7.6190476190476195,56,18.666666666666668
Dawid Malan,35,37,66,2,0,94.59,3,151.53,2,8,22.857142857142858,7.6190476190476195,56,18.666666666666668
Dawid Malan,18,30,40,0,0,60.0,3,151.53,0,0,0.0,7.6190476190476195,56,18.666666666666668
Deepak Hooda,0,3,4,0,0,0.0,1,0.0,0,0,,,0,0.0
Devon Conway †,3,9,12,0,0,33.33,5,81.35799999999999,0,0,0.0,25.838509316770182,145,29.0
Devon Conway †,92,58,106,7,2,158.62,5,81.35799999999999,9,40,43.47826086956522,25.838509316770182,145,29.0
Devon Conway †,21,20,35,3,0,105.0,5,81.35799999999999,3,12,57.14285714285714,25.838509316770182,145,29.0
Devon Conway †,1,4,14,0,0,25.0,5,81.35799999999999,0,0,0.0,25.838509316770182,145,29.0
Devon Conway †,28,33,55,2,0,84.84,5,81.35799999999999,2,8,28.57142857142857,25.838509316770182,145,29.0
Dhananjaya de Silva,31,25,35,2,1,124.0,8,92.7775,3,14,45.16129032258064,38.956563150111535,177,22.125
Dhananjaya de Silva,0,1,2,0,0,0.0,8,92.7775,0,0,,38.956563150111535,177,22.125
Dhananjaya de Silva,0,3,8,0,0,0.0,8,92.7775,0,0,,38.956563150111535,177,22.125
Dhananjaya de Silva,33,21,30,3,1,157.14,8,92.7775,4,18,54.54545454545454,38.956563150111535,177,22.125
Dhananjaya de Silva,66,42,78,6,2,157.14,8,92.7775,8,36,54.54545454545454,38.956563150111535,177,22.125
Dhananjaya de Silva,12,11,25,1,0,109.09,8,92.7775,1,4,33.33333333333333,38.956563150111535,177,22.125
Dhananjaya de Silva,26,23,47,3,0,113.04,8,92.7775,3,12,46.15384615384615,38.956563150111535,177,22.125
Dhananjaya de Silva,9,11,17,0,0,81.81,8,92.7775,0,0,0.0,38.956563150111535,177,22.125
Dinesh Karthik †,7,5,12,1,0,140.0,3,76.66666666666667,1,4,57.14285714285714,19.047619047619047,14,4.666666666666667
Dinesh Karthik †,6,15,33,0,0,40.0,3,76.66666666666667,0,0,0.0,19.047619047619047,14,4.666666666666667
Dinesh Karthik †,1,2,10,0,0,50.0,3,76.66666666666667,0,0,0.0,19.047619047619047,14,4.666666666666667
Divan la Cock,0,2,5,0,0,0.0,2,50.0,0,0,,44.44444444444444,9,4.5
Divan la Cock,9,9,15,1,0,100.0,2,50.0,1,4,44.44444444444444,44.44444444444444,9,4.5
Dushmantha Chameera,8,15,20,0,0,53.33,2,76.66499999999999,0,0,0.0,0.0,9,4.5
Dushmantha Chameera,1,1,2,0,0,100.0,2,76.66499999999999,0,0,0.0,0.0,9,4.5
Evin Lewis,13,18,42,0,0,72.22,3,87.74666666666667,0,0,0.0,32.6984126984127,42,14.0
Evin Lewis,15,18,28,1,0,83.33,3,87.74666666666667,1,4,26.666666666666668,32.6984126984127,42,14.0
Evin Lewis,14,13,30,1,1,107.69,3,87.74666666666667,2,10,71.42857142857143,32.6984126984127,42,14.0
Fakhar Zaman,20,16,27,3,0,125.0,1,125.0,3,12,60.0,60.0,20,20.0
Fareed Ahmad,2,4,7,0,0,50.0,1,50.0,0,0,0.0,0.0,2,2.0
Fazalhaq Farooqi,0,2,3,0,0,0.0,1,0.0,0,0,,,0,0.0
Finn Allen,4,3,6,1,0,133.33,5,150.47600000000003,1,4,100.0,61.845238095238095,95,19.0
Finn Allen,42,16,24,5,3,262.5,5,150.47600000000003,8,38,90.47619047619048,61.845238095238095,95,19.0
Finn Allen,32,18,30,5,1,177.77,5,150.47600000000003,6,26,81.25,61.845238095238095,95,19.0
Finn Allen,1,3,3,0,0,33.33,5,150.47600000000003,0,0,0.0,61.845238095238095,95,19.0
Finn Allen,16,11,25,0,1,145.45,5,150.47600000000003,1,6,37.5,61.845238095238095,95,19.0
Fionn Hand,6,6,10,1,0,100.0,3,105.55333333333333,1,4,66.66666666666666,48.888888888888886,12,4.0
Fionn Hand,5,3,7,1,0,166.66,3,105.55333333333333,1,4,80.0,48.888888888888886,12,4.0
Fionn Hand,1,2,4,0,0,50.0,3,105.55333333333333,0,0,0.0,48.888888888888886,12,4.0
Fred Klaassen,3,3,5,0,0,100.0,4,54.165,0,0,0.0,0.0,10,2.5
Fred Klaassen,7,6,20,0,0,116.66,4,54.165,0,0,0.0,0.0,10,2.5
Fred Klaassen,0,1,1,0,0,0.0,4,54.165,0,0,,0.0,10,2.5
Fred Klaassen,0,1,3,0,0,0.0,4,54.165,0,0,,0.0,10,2.5
Gareth Delany,14,10,27,2,0,140.0,5,131.0,2,8,57.14285714285714,51.317460317460316,69,13.8
Gareth Delany,10,8,12,2,0,125.0,5,131.0,2,8,80.0,51.317460317460316,69,13.8
Gareth Delany,24,20,23,1,1,120.0,5,131.0,2,10,41.66666666666667,51.317460317460316,69,13.8
Gareth Delany,12,10,22,1,0,120.0,5,131.0,1,4,33.33333333333333,51.317460317460316,69,13.8
Gareth Delany,9,6,10,1,0,150.0,5,131.0,1,4,44.44444444444444,51.317460317460316,69,13.8
George Dockrell,0,4,4,0,0,0.0,6,84.21166666666666,0,0,,39.646042363433665,100,16.666666666666668
George Dockrell,14,16,25,0,0,87.5,6,84.21166666666666,0,0,0.0,39.646042363433665,100,16.666666666666668
George Dockrell,23,15,24,3,0,153.33,6,84.21166666666666,3,12,52.17391304347826,39.646042363433665,100,16.666666666666668
George Dockrell,39,27,42,4,1,144.44,6,84.21166666666666,5,22,56.41025641025641,39.646042363433665,100,16.666666666666668
George Dockrell,0,1,2,0,0,0.0,6,84.21166666666666,0,0,,39.646042363433665,100,16.666666666666668
George Dockrell,24,20,25,3,0,120.0,6,84.21166666666666,3,12,50.0,39.646042363433665,100,16.666666666666668
George Munsey,66,53,106,9,0,124.52,3,93.46666666666665,9,36,54.54545454545454,35.46576879910213,121,40.333333333333336
George Munsey,1,2,9,0,0,50.0,3,93.46666666666665,0,0,0.0,35.46576879910213,121,40.333333333333336
George Munsey,54,51,74,7,0,105.88,3,93.46666666666665,7,28,51.85185185185185,35.46576879910213,121,40.333333333333336
Gerhard Erasmus (c),16,18,23,2,0,88.88,3,87.02999999999999,2,8,50.0,16.666666666666668,52,17.333333333333332
Gerhard Erasmus (c),20,24,30,0,0,83.33,3,87.02999999999999,0,0,0.0,16.666666666666668,52,17.333333333333332
Gerhard Erasmus (c),16,18,37,0,0,88.88,3,87.02999999999999,0,0,0.0,16.666666666666668,52,17.333333333333332
Glenn Maxwell,13,9,18,0,1,144.44,4,161.2125,1,6,46.15384615384615,66.01568721133938,118,29.5
Glenn Maxwell,28,20,47,3,1,140.0,4,161.2125,4,18,64.28571428571429,66.01568721133938,118,29.5
Glenn Maxwell,23,12,21,2,2,191.66,4,161.2125,4,20,86.95652173913044,66.01568721133938,118,29.5
Glenn Maxwell,54,32,46,6,2,168.75,4,161.2125,8,36,66.66666666666666,66.01568721133938,118,29.5
Glenn Phillips,12,10,16,2,0,120.0,5,143.72,2,8,66.66666666666666,66.41268914513697,201,40.2
Glenn Phillips,62,36,64,4,3,172.22,5,143.72,7,34,54.83870967741935,66.41268914513697,201,40.2
Glenn Phillips,17,9,9,2,1,188.88,5,143.72,3,14,82.35294117647058,66.41268914513697,201,40.2
Glenn Phillips,104,64,87,10,4,162.5,5,143.72,14,64,61.53846153846154,66.41268914513697,201,40.2
Glenn Phillips,6,8,9,1,0,75.0,5,143.72,1,4,66.66666666666666,66.41268914513697,201,40.2
Gulbadin Naib,39,23,38,3,2,169.56,2,127.63499999999999,5,24,61.53846153846154,30.76923076923077,51,25.5
Gulbadin Naib,12,14,25,0,0,85.71,2,127.63499999999999,0,0,0.0,30.76923076923077,51,25.5
Haider Ali,0,1,3,0,0,0.0,2,25.0,0,0,,0.0,2,1.0
Haider Ali,2,4,6,0,0,50.0,2,25.0,0,0,0.0,0.0,2,1.0
Hardik Pandya,40,37,61,1,2,108.1,5,109.798,3,16,40.0,31.492063492063494,128,25.6
Hardik Pandya,2,3,6,0,0,66.66,5,109.798,0,0,0.0,31.492063492063494,128,25.6
Hardik Pandya,5,6,8,0,0,83.33,5,109.798,0,0,0.0,31.492063492063494,128,25.6
Hardik Pandya,63,33,47,4,5,190.9,5,109.798,9,46,73.01587301587301,31.492063492063494,128,25.6
Hardik Pandya,18,18,29,2,0,100.0,5,109.798,2,8,44.44444444444444,31.492063492063494,128,25.6
Haris Rauf,6,4,3,0,1,150.0,3,133.33333333333334,1,6,100.0,33.333333333333336,10,3.3333333333333335
Haris Rauf,1,1,3,0,0,100.0,3,133.33333333333334,0,0,0.0,33.333333333333336,10,3.3333333333333335
Haris Rauf,3,2,2,0,0,150.0,3,133.33333333333334,0,0,0.0,33.333333333333336,10,3.3333333333333335
Harry Brook,18,21,30,1,0,85.71,5,120.53,1,4,22.22222222222222,25.58730158730159,56,11.2
Harry Brook,4,5,9,0,0,80.0,5,120.53,0,0,0.0,25.58730158730159,56,11.2
Harry Brook,20,23,36,1,0,86.95,5,120.53,1,4,20.0,25.58730158730159,56,11.2
Harry Brook,7,3,6,0,1,233.33,5,120.53,1,6,85.71428571428571,25.58730158730159,56,11.2
Harry Brook,7,6,9,0,0,116.66,5,120.53,0,0,0.0,25.58730158730159,56,11.2
Harry Tector,1,4,5,0,0,25.0,6,66.36833333333334,0,0,0.0,25.26984126984127,68,11.333333333333334
Harry Tector,45,42,59,2,1,107.14,6,66.36833333333334,3,14,31.11111111111111,25.26984126984127,68,11.333333333333334
Harry Tector,2,7,4,0,0,28.57,6,66.36833333333334,0,0,0.0,25.26984126984127,68,11.333333333333334
Harry Tector,6,4,3,1,0,150.0,6,66.36833333333334,1,4,66.66666666666666,25.26984126984127,68,11.333333333333334
Harry Tector,0,2,3,0,0,0.0,6,66.36833333333334,0,0,,25.26984126984127,68,11.333333333333334
Harry Tector,14,16,23,1,0,87.5,6,66.36833333333334,1,4,28.57142857142857,25.26984126984127,68,11.333333333333334
Hasan Mahmud,0,2,7,0,0,0.0,2,0.0,0,0,,,0,0.0
Hasan Mahmud,0,3,6,0,0,0.0,2,0.0,0,0,,,0,0.0
Hazratullah Zazai,7,17,31,1,0,41.17,1,41.17,1,4,57.14285714285714,57.14285714285714,7,7.0
Heinrich Klaasen,21,18,27,0,1,116.66,2,141.66,1,6,28.57142857142857,54.285714285714285,36,18.0
Heinrich Klaasen,15,9,18,3,0,166.66,2,141.66,3,12,80.0,54.285714285714285,36,18.0
Ibrahim Zadran,32,32,41,3,1,100.0,3,100.33333333333333,4,18,56.25,44.157925407925404,80,26.666666666666668
Ibrahim Zadran,26,33,55,2,0,78.78,3,100.33333333333333,2,8,30.76923076923077,44.157925407925404,80,26.666666666666668
Ibrahim Zadran,22,18,35,1,1,122.22,3,100.33333333333333,2,10,45.45454545454545,44.157925407925404,80,26.666666666666668
Iftikhar Ahmed,0,6,8,0,0,0.0,7,71.29142857142857,0,0,,37.96078431372549,114,16.285714285714285
Iftikhar Ahmed,5,10,16,1,0,50.0,7,71.29142857142857,1,4,80.0,37.96078431372549,114,16.285714285714285
Iftikhar Ahmed,0,0,3,0,0,0.0,7,71.29142857142857,0,0,,37.96078431372549,114,16.285714285714285
Iftikhar Ahmed,51,34,43,2,4,150.0,7,71.29142857142857,6,32,62.745098039215684,37.96078431372549,114,16.285714285714285
Iftikhar Ahmed,1,3,8,0,0,33.33,7,71.29142857142857,0,0,0.0,37.96078431372549,114,16.285714285714285
Iftikhar Ahmed,6,5,10,0,0,120.0,7,71.29142857142857,0,0,0.0,37.96078431372549,114,16.285714285714285
Iftikhar Ahmed,51,35,73,3,2,145.71,7,71.29142857142857,5,24,47.05882352941176,37.96078431372549,114,16.285714285714285
Ish Sodhi,1,1,3,0,0,100.0,2,100.0,0,0,0.0,0.0,7,3.5
Ish Sodhi,6,6,4,0,0,100.0,2,100.0,0,0,0.0,0.0,7,3.5
JJ Smit,31,16,29,2,2,193.75,3,139.58333333333334,4,20,64.51612903225806,48.17204301075268,39,13.0
JJ Smit,3,3,3,0,0,100.0,3,139.58333333333334,0,0,0.0,48.17204301075268,39,13.0
JJ Smit,5,4,6,1,0,125.0,3,139.58333333333334,1,4,80.0,48.17204301075268,39,13.0
James Neesham,16,12,19,1,0,133.33,5,119.16600000000001,1,4,25.0,34.455128205128204,53,10.6
James Neesham,26,13,19,0,2,200.0,5,119.16600000000001,2,12,46.15384615384615,34.455128205128204,53,10.6
James Neesham,0,1,3,0,0,0.0,5,119.16600000000001,0,0,,34.455128205128204,53,10.6
James Neesham,6,3,7,1,0,200.0,5,119.16600000000001,1,4,66.66666666666666,34.455128205128204,53,10.6
James Neesham,5,8,15,0,0,62.5,5,119.16600000000001,0,0,0.0,34.455128205128204,53,10.6
Jan Frylinck,44,28,44,4,0,157.14,3,109.69,4,16,36.36363636363637,29.396959629517767,101,33.666666666666664
Jan Frylinck,14,17,33,1,0,82.35,3,109.69,1,4,28.57142857142857,29.396959629517767,101,33.666666666666664
Jan Frylinck,43,48,63,1,1,89.58,3,109.69,2,10,23.25581395348837,29.396959629517767,101,33.666666666666664
Jan Nicol Loftie-Eaton,0,2,3,0,0,0.0,3,61.10666666666666,0,0,,40.0,21,7.0
Jan Nicol Loftie-Eaton,20,12,18,1,2,166.66,3,61.10666666666666,3,16,80.0,40.0,21,7.0
Jan Nicol Loftie-Eaton,1,6,17,0,0,16.66,3,61.10666666666666,0,0,0.0,40.0,21,7.0
Jason Holder,4,3,3,0,0,133.33,2,124.24000000000001,0,0,0.0,28.947368421052634,42,21.0
Jason Holder,38,33,37,4,1,115.15,2,124.24000000000001,5,22,57.89473684210527,28.947368421052634,42,21.0
Johnson Charles,24,18,22,3,1,133.33,2,129.16500000000002,4,18,75.0,64.16666666666667,69,34.5
Johnson Charles,45,36,60,3,2,125.0,2,129.16500000000002,5,24,53.333333333333336,64.16666666666667,69,34.5
Jos Buttler (c)†,80,49,74,9,3,163.26,6,115.54,12,54,67.5,61.63839128907622,225,37.5
Jos Buttler (c)†,0,2,3,0,0,0.0,6,115.54,0,0,,61.63839128907622,225,37.5
Jos Buttler (c)†,28,23,35,2,1,121.73,6,115.54,3,14,50.0,61.63839128907622,225,37.5
Jos Buttler (c)†,18,18,25,3,0,100.0,6,115.54,3,12,66.66666666666666,61.63839128907622,225,37.5
Jos Buttler (c)†,73,47,82,7,2,155.31,6,115.54,9,40,54.794520547945204,61.63839128907622,225,37.5
Jos Buttler (c)†,26,17,33,3,1,152.94,6,115.54,4,18,69.23076923076923,61.63839128907622,225,37.5
Josh Davey,4,3,3,0,0,133.33,1,133.33,0,0,0.0,0.0,4,4.0
Josh Hazlewood,1,1,6,0,0,100.0,1,100.0,0,0,0.0,0.0,1,1.0
Josh Little,1,5,6,0,0,20.0,4,70.9075,0,0,0.0,44.047619047619044,16,4.0
Josh Little,7,11,17,1,0,63.63,4,70.9075,1,4,57.14285714285714,44.047619047619044,16,4.0
Josh Little,8,4,3,0,1,200.0,4,70.9075,1,6,75.0,44.047619047619044,16,4.0
Josh Little,0,1,3,0,0,0.0,4,70.9075,0,0,,44.047619047619044,16,4.0
Junaid Siddique,0,1,1,0,0,0.0,2,56.25,0,0,,55.55555555555556,18,9.0
Junaid Siddique,18,16,22,1,1,112.5,2,56.25,2,10,55.55555555555556,55.55555555555556,18,9.0
KL Rahul,5,5,8,1,0,100.0,6,98.54,1,4,80.0,53.655773420479306,128,21.333333333333332
KL Rahul,51,35,59,3,3,145.71,6,98.54,6,30,58.82352941176471,53.655773420479306,128,21.333333333333332
KL Rahul,9,12,12,1,0,75.0,6,98.54,1,4,44.44444444444444,53.655773420479306,128,21.333333333333332
KL Rahul,4,8,13,0,0,50.0,6,98.54,0,0,0.0,53.655773420479306,128,21.333333333333332
KL Rahul,9,14,25,0,1,64.28,6,98.54,1,6,66.66666666666666,53.655773420479306,128,21.333333333333332
KL Rahul,50,32,49,3,4,156.25,6,98.54,7,36,72.0,53.655773420479306,128,21.333333333333332
Kagiso Rabada,9,8,13,0,0,112.5,2,81.25,0,0,0.0,0.0,10,5.0
Kagiso Rabada,1,2,11,0,0,50.0,2,81.25,0,0,0.0,0.0,10,5.0
Kane Richardson,1,1,6,0,0,100.0,1,100.0,0,0,0.0,0.0,1,1.0
Kane Williamson (c),23,23,48,1,1,100.0,5,109.066,2,10,43.47826086956522,41.50249465431219,178,35.6
Kane Williamson (c),40,40,57,3,0,100.0,5,109.066,3,12,30.0,41.50249465431219,178,35.6
Kane Williamson (c),61,35,59,5,3,174.28,5,109.066,8,38,62.295081967213115,41.50249465431219,178,35.6
Kane Williamson (c),46,42,81,1,1,109.52,5,109.066,2,10,21.73913043478261,41.50249465431219,178,35.6
Kane Williamson (c),8,13,18,1,0,61.53,5,109.066,1,4,50.0,41.50249465431219,178,35.6
Karthik Meiyappan,0,0,4,0,0,0.0,2,25.0,0,0,,0.0,4,2.0
Karthik Meiyappan,4,8,11,0,0,50.0,2,25.0,0,0,0.0,0.0,4,2.0
Kashif Daud,0,4,8,0,0,0.0,2,53.57,0,0,,40.0,15,7.5
Kashif Daud,15,14,19,0,1,107.14,2,53.57,1,6,40.0,40.0,15,7.5
Kasun Rajitha,8,21,30,0,0,38.09,1,38.09,0,0,0.0,0.0,8,8.0
Keshav Maharaj,13,12,20,0,1,108.33,1,108.33,1,6,46.15384615384615,46.15384615384615,13,13.0
Kusal Mendis †,4,3,9,1,0,133.33,8,126.74375,1,4,100.0,56.896686522710354,223,27.875
Kusal Mendis †,68,43,68,5,3,158.13,8,126.74375,8,38,55.88235294117647,56.896686522710354,223,27.875
Kusal Mendis †,18,13,24,2,0,138.46,8,126.74375,2,8,44.44444444444444,56.896686522710354,223,27.875
Kusal Mendis †,18,14,21,1,1,128.57,8,126.74375,2,10,55.55555555555556,56.896686522710354,223,27.875
Kusal Mendis †,79,44,94,5,5,179.54,8,126.74375,10,50,63.29113924050633,56.896686522710354,223,27.875
Kusal Mendis †,6,6,8,0,0,100.0,8,126.74375,0,0,0.0,56.896686522710354,223,27.875
Kusal Mendis †,25,27,33,2,1,92.59,8,126.74375,3,14,56.00000000000001,56.896686522710354,223,27.875
Kusal Mendis †,5,6,9,1,0,83.33,8,126.74375,1,4,80.0,56.896686522710354,223,27.875
Kyle Mayers,13,12,17,2,0,108.33,3,94.05666666666667,2,8,61.53846153846154,50.51282051282052,34,11.333333333333334
Kyle Mayers,1,5,12,0,0,20.0,3,94.05666666666667,0,0,0.0,50.51282051282052,34,11.333333333333334
Kyle Mayers,20,13,12,3,1,153.84,3,94.05666666666667,4,18,90.0,50.51282051282052,34,11.333333333333334
Lahiru Kumara,4,5,10,1,0,80.0,1,80.0,1,4,100.0,100.0,4,4.0
Liam Livingstone,4,6,10,0,0,66.66,5,99.52000000000001,0,0,0.0,18.275862068965516,55,11.0
Liam Livingstone,1,2,7,0,0,50.0,5,99.52000000000001,0,0,0.0,18.275862068965516,55,11.0
Liam Livingstone,20,14,20,1,1,142.85,5,99.52000000000001,2,10,50.0,18.275862068965516,55,11.0
Liam Livingstone,29,21,34,3,0,138.09,5,99.52000000000001,3,12,41.37931034482759,18.275862068965516,55,11.0
Liam Livingstone,1,1,3,0,0,100.0,5,99.52000000000001,0,0,0.0,18.275862068965516,55,11.0
Litton Das,34,31,57,1,1,109.67,5,131.072,2,10,29.411764705882355,50.358543417366946,127,25.4
Litton Das,9,11,17,0,0,81.81,5,131.072,0,0,0.0,50.358543417366946,127,25.4
Litton Das,14,12,22,3,0,116.66,5,131.072,3,12,85.71428571428571,50.358543417366946,127,25.4
Litton Das,60,27,40,7,3,222.22,5,131.072,10,46,76.66666666666667,50.358543417366946,127,25.4
Litton Das,10,8,15,0,1,125.0,5,131.072,1,6,60.0,50.358543417366946,127,25.4
Logan van Beek,4,4,7,0,0,100.0,4,66.66499999999999,0,0,0.0,0.0,15,3.75
Logan van Beek,3,5,11,0,0,60.0,4,66.66499999999999,0,0,0.0,0.0,15,3.75
Logan van Beek,2,5,9,0,0,40.0,4,66.66499999999999,0,0,0.0,0.0,15,3.75
Logan van Beek,6,9,18,0,0,66.66,4,66.66499999999999,0,0,0.0,0.0,15,3.75
Lorcan Tucker †,45,35,46,2,2,128.57,7,114.82714285714285,4,20,44.44444444444444,44.181117602824315,204,29.142857142857142
Lorcan Tucker †,13,14,30,0,0,92.85,7,114.82714285714285,0,0,0.0,44.181117602824315,204,29.142857142857142
Lorcan Tucker †,11,11,10,2,0,100.0,7,114.82714285714285,2,8,72.72727272727273,44.181117602824315,204,29.142857142857142
Lorcan Tucker †,20,17,28,2,0,117.64,7,114.82714285714285,2,8,40.0,44.181117602824315,204,29.142857142857142
Lorcan Tucker †,71,48,81,9,1,147.91,7,114.82714285714285,10,42,59.154929577464785,44.181117602824315,204,29.142857142857142
Lorcan Tucker †,10,11,20,1,0,90.9,7,114.82714285714285,1,4,40.0,44.181117602824315,204,29.142857142857142
Lorcan Tucker †,34,27,42,3,1,125.92,7,114.82714285714285,4,18,52.94117647058824,44.181117602824315,204,29.142857142857142
Luke Jongwe,0,1,2,0,0,0.0,4,101.7025,0,0,,40.689655172413794,55,13.75
Luke Jongwe,6,8,12,0,0,75.0,4,101.7025,0,0,0.0,40.689655172413794,55,13.75
Luke Jongwe,20,10,14,3,0,200.0,4,101.7025,3,12,60.0,40.689655172413794,55,13.75
Luke Jongwe,29,22,31,3,1,131.81,4,101.7025,4,18,62.06896551724138,40.689655172413794,55,13.75
Lungi Ngidi,4,1,5,1,0,400.0,1,400.0,1,4,100.0,100.0,4,4.0
Maheesh Theekshana,11,11,14,0,1,100.0,3,33.333333333333336,1,6,54.54545454545454,54.54545454545454,11,3.6666666666666665
Maheesh Theekshana,0,3,5,0,0,0.0,3,33.333333333333336,0,0,,54.54545454545454,11,3.6666666666666665
Maheesh Theekshana,0,0,2,0,0,0.0,3,33.333333333333336,0,0,,54.54545454545454,11,3.6666666666666665
Marcus Stoinis,25,21,41,0,2,119.04,4,159.2025,2,12,48.0,46.8910411622276,126,31.5
Marcus Stoinis,59,18,22,4,6,327.77,4,159.2025,10,52,88.13559322033898,46.8910411622276,126,31.5
Marcus Stoinis,7,14,16,0,0,50.0,4,159.2025,0,0,0.0,46.8910411622276,126,31.5
Marcus Stoinis,35,25,41,3,1,140.0,4,159.2025,4,18,51.42857142857142,46.8910411622276,126,31.5
Mark Adair,11,11,13,1,0,100.0,5,74.0,1,4,36.36363636363637,25.757575757575758,28,5.6
Mark Adair,4,5,9,0,0,80.0,5,74.0,0,0,0.0,25.757575757575758,28,5.6
Mark Adair,4,4,8,0,0,100.0,5,74.0,0,0,0.0,25.757575757575758,28,5.6
Mark Adair,0,1,5,0,0,0.0,5,74.0,0,0,,25.757575757575758,28,5.6
Mark Adair,9,10,18,0,1,90.0,5,74.0,1,6,66.66666666666666,25.757575757575758,28,5.6
Matthew Cross †,1,7,15,0,0,14.28,3,69.20333333333333,0,0,0.0,23.80952380952381,32,10.666666666666666
Matthew Cross †,28,21,33,5,0,133.33,3,69.20333333333333,5,20,71.42857142857143,23.80952380952381,32,10.666666666666666
Matthew Cross †,3,5,10,0,0,60.0,3,69.20333333333333,0,0,0.0,23.80952380952381,32,10.666666666666666
Matthew Wade (c)†,6,8,14,1,0,75.0,1,75.0,1,4,66.66666666666666,66.66666666666666,6,6.0
Matthew Wade †,2,4,10,0,0,50.0,2,141.66500000000002,0,0,0.0,28.57142857142857,9,4.5
Matthew Wade †,7,3,7,1,0,233.33,2,141.66500000000002,1,4,57.14285714285714,28.57142857142857,9,4.5
Max O'Dowd,71,53,99,6,3,133.96,8,110.92875000000001,9,42,59.154929577464785,52.94336367646544,242,30.25
Max O'Dowd,35,35,59,1,1,100.0,8,110.92875000000001,2,10,28.57142857142857,52.94336367646544,242,30.25
Max O'Dowd,8,8,21,0,1,100.0,8,110.92875000000001,1,6,75.0,52.94336367646544,242,30.25
Max O'Dowd,8,13,41,0,0,61.53,8,110.92875000000001,0,0,0.0,52.94336367646544,242,30.25
Max O'Dowd,16,10,22,3,0,160.0,8,110.92875000000001,3,12,75.0,52.94336367646544,242,30.25
Max O'Dowd,52,47,70,8,1,110.63,8,110.92875000000001,9,38,73.07692307692307,52.94336367646544,242,30.25
Max O'Dowd,29,31,61,1,1,93.54,8,110.92875000000001,2,10,34.48275862068966,52.94336367646544,242,30.25
Max O'Dowd,23,18,25,3,1,127.77,8,110.92875000000001,4,18,78.26086956521739,52.94336367646544,242,30.25
Mehidy Hasan Miraz,11,13,17,0,0,84.61,1,84.61,0,0,0.0,0.0,11,11.0
Michael Jones,20,17,36,3,0,117.64,3,118.0,3,12,60.0,71.93798449612403,110,36.666666666666664
Michael Jones,4,5,6,1,0,80.0,3,118.0,1,4,100.0,71.93798449612403,110,36.666666666666664
Michael Jones,86,55,95,6,4,156.36,3,118.0,10,48,55.81395348837209,71.93798449612403,110,36.666666666666664
Michael Leask,12,9,11,2,0,133.33,3,110.25,2,8,66.66666666666666,37.908496732026144,33,11.0
Michael Leask,4,6,8,0,0,66.66,3,110.25,0,0,0.0,37.908496732026144,33,11.0
Michael Leask,17,13,19,2,0,130.76,3,110.25,2,8,47.05882352941176,37.908496732026144,33,11.0
Michael van Lingen,20,19,20,3,0,105.26,3,93.42,3,12,60.0,33.333333333333336,33,11.0
Michael van Lingen,10,8,14,1,0,125.0,3,93.42,1,4,40.0,33.333333333333336,33,11.0
Michael van Lingen,3,6,7,0,0,50.0,3,93.42,0,0,0.0,33.333333333333336,33,11.0
Milton Shumba,8,10,22,1,0,80.0,7,75.21285714285715,1,4,50.0,24.20634920634921,65,9.285714285714286
Milton Shumba,11,11,16,0,0,100.0,7,75.21285714285715,0,0,0.0,24.20634920634921,65,9.285714285714286
Milton Shumba,18,20,32,2,0,90.0,7,75.21285714285715,2,8,44.44444444444444,24.20634920634921,65,9.285714285714286
Milton Shumba,2,3,6,0,0,66.66,7,75.21285714285715,0,0,0.0,24.20634920634921,65,9.285714285714286
Milton Shumba,8,15,24,1,0,53.33,7,75.21285714285715,1,4,50.0,24.20634920634921,65,9.285714285714286
Milton Shumba,2,9,20,0,0,22.22,7,75.21285714285715,0,0,0.0,24.20634920634921,65,9.285714285714286
Milton Shumba,16,14,26,1,0,114.28,7,75.21285714285715,1,4,25.0,24.20634920634921,65,9.285714285714286
Mitchell Marsh,28,22,28,2,2,127.27,4,127.65,4,20,71.42857142857143,67.77135854341736,106,26.5
Mitchell Marsh,17,17,20,1,1,100.0,4,127.65,2,10,58.82352941176471,67.77135854341736,106,26.5
Mitchell Marsh,16,12,17,2,1,133.33,4,127.65,3,14,87.5,67.77135854341736,106,26.5
Mitchell Marsh,45,30,42,3,2,150.0,4,127.65,5,24,53.333333333333336,67.77135854341736,106,26.5
Mitchell Santner,11,5,17,0,1,220.0,3,126.66666666666667,1,6,54.54545454545454,46.022727272727266,27,9.0
Mitchell Santner,16,10,19,0,1,160.0,3,126.66666666666667,1,6,37.5,46.022727272727266,27,9.0
Mitchell Santner,0,1,2,0,0,0.0,3,126.66666666666667,0,0,,46.022727272727266,27,9.0
Mitchell Starc,4,7,13,0,0,57.14,1,57.14,0,0,0.0,0.0,4,4.0
Moeen Ali,19,13,30,3,0,146.15,5,105.896,3,12,63.1578947368421,27.63157894736842,57,11.4
Moeen Ali,5,6,13,0,0,83.33,5,105.896,0,0,0.0,27.63157894736842,57,11.4
Moeen Ali,8,10,13,0,0,80.0,5,105.896,0,0,0.0,27.63157894736842,57,11.4
Moeen Ali,1,5,8,0,0,20.0,5,105.896,0,0,0.0,27.63157894736842,57,11.4
Moeen Ali,24,12,18,3,1,200.0,5,105.896,4,18,75.0,27.63157894736842,57,11.4
Mohammad Haris,31,18,31,1,2,172.22,4,152.2,3,16,51.61290322580645,60.284178187403995,97,24.25
Mohammad Haris,28,11,19,2,3,254.54,4,152.2,5,26,92.85714285714286,60.284178187403995,97,24.25
Mohammad Haris,8,12,15,1,0,66.66,4,152.2,1,4,50.0,60.284178187403995,97,24.25
Mohammad Haris,30,26,32,2,1,115.38,4,152.2,3,14,46.666666666666664,60.284178187403995,97,24.25
Mohammad Nabi (c),1,2,10,0,0,50.0,3,90.83333333333333,0,0,0.0,10.256410256410257,17,5.666666666666667
Mohammad Nabi (c),13,8,15,1,0,162.5,3,90.83333333333333,1,4,30.76923076923077,10.256410256410257,17,5.666666666666667
Mohammad Nabi (c),3,5,7,0,0,60.0,3,90.83333333333333,0,0,0.0,10.256410256410257,17,5.666666666666667
Mohammad Nawaz,5,7,11,0,0,71.42,5,101.454,0,0,0.0,42.58297258297258,68,13.6
Mohammad Nawaz,9,6,12,2,0,150.0,5,101.454,2,8,88.88888888888889,42.58297258297258,68,13.6
Mohammad Nawaz,22,18,36,1,1,122.22,5,101.454,2,10,45.45454545454545,42.58297258297258,68,13.6
Mohammad Nawaz,4,11,27,0,0,36.36,5,101.454,0,0,0.0,42.58297258297258,68,13.6
Mohammad Nawaz,28,22,32,4,1,127.27,5,101.454,5,22,78.57142857142857,42.58297258297258,68,13.6
Mohammad Rizwan †,4,12,25,1,0,33.33,7,98.02285714285715,1,4,100.0,61.583231036775615,175,25.0
Mohammad Rizwan †,15,14,24,0,1,107.14,7,98.02285714285715,1,6,40.0,61.583231036775615,175,25.0
Mohammad Rizwan †,14,16,23,1,1,87.5,7,98.02285714285715,2,10,71.42857142857143,61.583231036775615,175,25.0
Mohammad Rizwan †,49,39,66,5,0,125.64,7,98.02285714285715,5,20,40.816326530612244,61.583231036775615,175,25.0
Mohammad Rizwan †,57,43,77,5,0,132.55,7,98.02285714285715,5,20,35.08771929824561,61.583231036775615,175,25.0
Mohammad Rizwan †,32,32,51,2,1,100.0,7,98.02285714285715,3,14,43.75,61.583231036775615,175,25.0
Mohammad Rizwan †,4,4,4,1,0,100.0,7,98.02285714285715,1,4,100.0,61.583231036775615,175,25.0
Mohammad Wasim,4,8,12,0,0,50.0,3,47.43333333333334,0,0,0.0,33.33333333333333,16,5.333333333333333
Mohammad Wasim,0,1,1,0,0,0.0,3,47.43333333333334,0,0,,33.33333333333333,16,5.333333333333333
Mohammad Wasim,12,13,29,2,0,92.3,3,47.43333333333334,2,8,66.66666666666666,33.33333333333333,16,5.333333333333333
Mohammed Shami,0,2,5,0,0,0.0,1,0.0,0,0,,,0,0.0
Mosaddek Hossain,5,11,17,0,0,45.45,5,96.422,0,0,0.0,42.5,38,7.6
Mosaddek Hossain,7,10,18,0,0,70.0,5,96.422,0,0,0.0,42.5,38,7.6
Mosaddek Hossain,0,3,4,0,0,0.0,5,96.422,0,0,,42.5,38,7.6
Mosaddek Hossain,20,12,12,2,1,166.66,5,96.422,3,14,70.0,42.5,38,7.6
Mosaddek Hossain,6,3,4,0,1,200.0,5,96.422,1,6,100.0,42.5,38,7.6
Muhammad Waseem,41,47,71,1,2,87.23,3,86.39333333333333,3,16,39.02439024390244,27.67479674796748,93,31.0
Muhammad Waseem,50,41,66,1,3,121.95,3,86.39333333333333,4,22,44.0,27.67479674796748,93,31.0
Muhammad Waseem,2,4,13,0,0,50.0,3,86.39333333333333,0,0,0.0,27.67479674796748,93,31.0
Mujeeb Ur Rahman,0,1,3,0,0,0.0,2,25.0,0,0,,0.0,1,0.5
Mujeeb Ur Rahman,1,2,1,0,0,50.0,2,25.0,0,0,0.0,0.0,1,0.5
Mustafizur Rahman,0,1,1,0,0,0.0,2,150.0,0,0,,66.66666666666666,9,4.5
Mustafizur Rahman,9,3,8,0,1,300.0,2,150.0,1,6,66.66666666666666,66.66666666666666,9,4.5
Najibullah Zadran,0,2,3,0,0,0.0,3,76.89333333333333,0,0,,34.18803418803419,31,10.333333333333334
Najibullah Zadran,13,11,15,0,1,118.18,3,76.89333333333333,1,6,46.15384615384615,34.18803418803419,31,10.333333333333334
Najibullah Zadran,18,16,29,1,0,112.5,3,76.89333333333333,1,4,22.22222222222222,34.18803418803419,31,10.333333333333334
Najmul Hossain Shanto,54,48,66,7,0,112.5,5,110.11800000000001,7,28,51.85185185185185,51.16053357180117,180,36.0
Najmul Hossain Shanto,21,25,50,1,1,84.0,5,110.11800000000001,2,10,47.61904761904761,51.16053357180117,180,36.0
Najmul Hossain Shanto,9,9,15,1,0,100.0,5,110.11800000000001,1,4,44.44444444444444,51.16053357180117,180,36.0
Najmul Hossain Shanto,25,20,31,4,0,125.0,5,110.11800000000001,4,16,64.0,51.16053357180117,180,36.0
Najmul Hossain Shanto,71,55,77,7,1,129.09,5,110.11800000000001,8,34,47.88732394366197,51.16053357180117,180,36.0
Naseem Shah,5,3,3,0,0,166.66,1,166.66,0,0,0.0,0.0,5,5.0
Nasum Ahmed,7,6,9,1,0,116.66,1,116.66,1,4,57.14285714285714,57.14285714285714,7,7.0
Naveen-ul-Haq,0,0,4,0,0,0.0,1,0.0,0,0,,,0,0.0
Nicholas Pooran (c)†,5,9,14,0,0,55.55,3,83.83333333333333,0,0,0.0,15.384615384615385,25,8.333333333333334
Nicholas Pooran (c)†,7,9,10,0,0,77.77,3,83.83333333333333,0,0,0.0,15.384615384615385,25,8.333333333333334
Nicholas Pooran (c)†,13,11,16,0,1,118.18,3,83.83333333333333,1,6,46.15384615384615,15.384615384615385,25,8.333333333333334
Nurul Hasan †,1,1,5,0,0,100.0,5,76.824,0,0,0.0,14.000000000000002,41,8.2
Nurul Hasan †,0,3,4,0,0,0.0,5,76.824,0,0,,14.000000000000002,41,8.2
Nurul Hasan †,13,18,28,0,0,72.22,5,76.824,0,0,0.0,14.000000000000002,41,8.2
Nurul Hasan †,2,6,7,0,0,33.33,5,76.824,0,0,0.0,14.000000000000002,41,8.2
Nurul Hasan †,25,14,29,2,1,178.57,5,76.824,3,14,56.00000000000001,14.000000000000002,41,8.2
Obed McCoy,2,3,10,0,0,66.66,1,66.66,0,0,0.0,0.0,2,2.0
Odean Smith,5,8,14,0,0,62.5,3,90.27666666666669,0,0,0.0,28.07017543859649,25,8.333333333333334
Odean Smith,19,12,18,1,2,158.33,3,90.27666666666669,3,16,84.21052631578947,28.07017543859649,25,8.333333333333334
Odean Smith,1,2,2,0,0,50.0,3,90.27666666666669,0,0,0.0,28.07017543859649,25,8.333333333333334
Pat Cummins,21,18,27,2,1,116.66,2,58.33,3,14,66.66666666666666,66.66666666666666,21,10.5
Pat Cummins,0,2,4,0,0,0.0,2,58.33,0,0,,66.66666666666666,21,10.5
Pathum Nissanka,0,5,5,0,0,0.0,7,88.25,0,0,,48.777775643447285,214,30.571428571428573
Pathum Nissanka,10,10,10,2,0,100.0,7,88.25,2,8,80.0,48.777775643447285,214,30.571428571428573
Pathum Nissanka,14,21,25,0,1,66.66,7,88.25,1,6,42.857142857142854,48.777775643447285,214,30.571428571428573
Pathum Nissanka,74,60,105,6,2,123.33,7,88.25,8,36,48.64864864864865,48.777775643447285,214,30.571428571428573
Pathum Nissanka,67,45,70,2,5,148.88,7,88.25,7,38,56.71641791044776,48.777775643447285,214,30.571428571428573
Pathum Nissanka,9,10,16,1,0,90.0,7,88.25,1,4,44.44444444444444,48.777775643447285,214,30.571428571428573
Pathum Nissanka,40,45,65,2,0,88.88,7,88.25,2,8,20.0,48.777775643447285,214,30.571428571428573
Paul Stirling,0,2,3,0,0,0.0,7,117.52428571428571,0,0,,63.37294131411778,170,24.285714285714285
Paul Stirling,11,7,11,1,1,157.14,7,117.52428571428571,2,10,90.9090909090909,63.37294131411778,170,24.285714285714285
Paul Stirling,8,10,22,1,0,80.0,7,117.52428571428571,1,4,50.0,63.37294131411778,170,24.285714285714285
Paul Stirling,37,27,39,3,1,137.03,7,117.52428571428571,4,18,48.64864864864865,63.37294131411778,170,24.285714285714285
Paul Stirling,34,25,45,4,1,136.0,7,117.52428571428571,5,22,64.70588235294117,63.37294131411778,170,24.285714285714285
Paul Stirling,66,48,79,6,2,137.5,7,117.52428571428571,8,36,54.54545454545454,63.37294131411778,170,24.285714285714285
Paul Stirling,14,8,16,1,1,175.0,7,117.52428571428571,2,10,71.42857142857143,63.37294131411778,170,24.285714285714285
Paul van Meekeren,14,6,9,3,0,233.33,4,126.1875,3,12,85.71428571428571,53.57142857142858,45,11.25
Paul van Meekeren,7,7,8,0,0,100.0,4,126.1875,0,0,0.0,53.57142857142858,45,11.25
Paul van Meekeren,0,0,4,0,0,0.0,4,126.1875,0,0,,53.57142857142858,45,11.25
Paul van Meekeren,24,14,16,3,1,171.42,4,126.1875,4,18,75.0,53.57142857142858,45,11.25
Phil Salt,10,9,16,2,0,111.11,1,111.11,2,8,80.0,80.0,10,10.0
Pramod Madushan,0,0,4,0,0,0.0,2,50.0,0,0,,0.0,1,0.5
Pramod Madushan,1,1,4,0,0,100.0,2,50.0,0,0,0.0,0.0,1,0.5
Quinton de Kock †,63,38,77,7,3,165.78,5,112.04400000000001,10,46,73.01587301587301,57.69750344218429,124,24.8
Quinton de Kock †,13,13,12,1,1,100.0,5,112.04400000000001,2,10,76.92307692307693,57.69750344218429,124,24.8
Quinton de Kock †,1,3,7,0,0,33.33,5,112.04400000000001,0,0,0.0,57.69750344218429,124,24.8
Quinton de Kock †,47,18,26,8,1,261.11,5,112.04400000000001,9,38,80.85106382978722,57.69750344218429,124,24.8
Quinton de Kock †,0,5,6,0,0,0.0,5,112.04400000000001,0,0,,57.69750344218429,124,24.8
Rahmanullah Gurbaz †,30,17,31,2,2,176.47,3,134.74666666666667,4,20,66.66666666666666,66.03174603174602,68,22.666666666666668
Rahmanullah Gurbaz †,28,24,33,2,2,116.66,3,134.74666666666667,4,20,71.42857142857143,66.03174603174602,68,22.666666666666668
Rahmanullah Gurbaz †,10,9,13,0,1,111.11,3,134.74666666666667,1,6,60.0,66.03174603174602,68,22.666666666666668
Rashid Khan,48,23,27,3,4,208.69,3,107.06333333333333,7,36,75.0,59.72222222222222,57,19.0
Rashid Khan,9,8,10,1,0,112.5,3,107.06333333333333,1,4,44.44444444444444,59.72222222222222,57,19.0
Rashid Khan,0,1,2,0,0,0.0,3,107.06333333333333,0,0,,59.72222222222222,57,19.0
Ravichandran Ashwin,13,6,9,1,1,216.66,4,95.0725,2,10,76.92307692307693,25.641025641025646,21,5.25
Ravichandran Ashwin,1,1,2,0,0,100.0,4,95.0725,0,0,0.0,25.641025641025646,21,5.25
Ravichandran Ashwin,7,11,15,0,0,63.63,4,95.0725,0,0,0.0,25.641025641025646,21,5.25
Ravichandran Ashwin,0,0,4,0,0,0.0,4,95.0725,0,0,,25.641025641025646,21,5.25
Regis Chakabva (c)†,13,9,14,3,0,144.44,1,144.44,3,12,92.3076923076923,92.3076923076923,13,13.0
Regis Chakabva †,0,2,3,0,0,0.0,7,49.074285714285715,0,0,,63.75,32,4.571428571428571
Regis Chakabva †,0,6,9,0,0,0.0,7,49.074285714285715,0,0,,63.75,32,4.571428571428571
Regis Chakabva †,4,3,3,1,0,133.33,7,49.074285714285715,1,4,100.0,63.75,32,4.571428571428571
Regis Chakabva †,8,8,13,0,1,100.0,7,49.074285714285715,1,6,75.0,63.75,32,4.571428571428571
Regis Chakabva †,15,19,24,0,0,78.94,7,49.074285714285715,0,0,0.0,63.75,32,4.571428571428571
Regis Chakabva †,0,1,2,0,0,0.0,7,49.074285714285715,0,0,,63.75,32,4.571428571428571
Regis Chakabva †,5,16,18,1,0,31.25,7,49.074285714285715,1,4,80.0,63.75,32,4.571428571428571
Richard Ngarava,6,3,6,0,1,200.0,5,112.38,1,6,100.0,33.33333333333333,21,4.2
Richard Ngarava,3,2,3,0,0,150.0,5,112.38,0,0,0.0,33.33333333333333,21,4.2
Richard Ngarava,2,6,11,0,0,33.33,5,112.38,0,0,0.0,33.33333333333333,21,4.2
Richard Ngarava,9,7,12,0,1,128.57,5,112.38,1,6,66.66666666666666,33.33333333333333,21,4.2
Richard Ngarava,1,2,4,0,0,50.0,5,112.38,0,0,0.0,33.33333333333333,21,4.2
Richie Berrington (c),16,14,21,0,1,114.28,3,112.65666666666668,1,6,37.5,28.716216216216214,66,22.0
Richie Berrington (c),37,27,39,3,1,137.03,3,112.65666666666668,4,18,48.64864864864865,28.716216216216214,66,22.0
Richie Berrington (c),13,15,24,0,0,86.66,3,112.65666666666668,0,0,0.0,28.716216216216214,66,22.0
Rilee Rossouw,7,6,10,0,1,116.66,4,110.7175,1,6,85.71428571428571,62.47968545216251,141,35.25
Rilee Rossouw,0,2,4,0,0,0.0,4,110.7175,0,0,,62.47968545216251,141,35.25
Rilee Rossouw,25,19,29,2,0,131.57,4,110.7175,2,8,32.0,62.47968545216251,141,35.25
Rilee Rossouw,109,56,90,7,8,194.64,4,110.7175,15,76,69.72477064220183,62.47968545216251,141,35.25
Rishabh Pant †,3,5,7,0,0,60.0,2,105.0,0,0,0.0,33.33333333333333,9,4.5
Rishabh Pant †,6,4,13,1,0,150.0,2,105.0,1,4,66.66666666666666,33.33333333333333,9,4.5
Roelof van der Merwe,0,3,6,0,0,0.0,4,20.8325,0,0,,0.0,5,1.25
Roelof van der Merwe,0,1,14,0,0,0.0,4,20.8325,0,0,,0.0,5,1.25
Roelof van der Merwe,5,6,12,0,0,83.33,4,20.8325,0,0,0.0,0.0,5,1.25
Roelof van der Merwe,0,2,4,0,0,0.0,4,20.8325,0,0,,0.0,5,1.25
Rohit Sharma (c),2,8,18,0,0,25.0,6,89.495,0,0,0.0,40.56836710924761,116,19.333333333333332
Rohit Sharma (c),4,7,20,0,0,57.14,6,89.495,0,0,0.0,40.56836710924761,116,19.333333333333332
Rohit Sharma (c),53,39,53,4,3,135.89,6,89.495,7,34,64.15094339622641,40.56836710924761,116,19.333333333333332
Rohit Sharma (c),15,14,22,1,1,107.14,6,89.495,2,10,66.66666666666666,40.56836710924761,116,19.333333333333332
Rohit Sharma (c),27,28,37,4,0,96.42,6,89.495,4,16,59.25925925925925,40.56836710924761,116,19.333333333333332
Rohit Sharma (c),15,13,20,2,0,115.38,6,89.495,2,8,53.333333333333336,40.56836710924761,116,19.333333333333332
Rovman Powell,5,6,12,0,0,83.33,3,97.22000000000001,0,0,0.0,41.269841269841265,39,13.0
Rovman Powell,6,8,12,1,0,75.0,3,97.22000000000001,1,4,66.66666666666666,41.269841269841265,39,13.0
Rovman Powell,28,21,40,1,2,133.33,3,97.22000000000001,3,16,57.14285714285714,41.269841269841265,39,13.0
Ruben Trumpelmann,25,24,43,1,1,104.16,1,104.16,2,10,40.0,40.0,25,25.0
Ryan Burl,27,25,50,2,1,108.0,7,93.82714285714285,3,14,51.85185185185185,34.45289226801832,101,14.428571428571429
Ryan Burl,9,5,7,1,0,180.0,7,93.82714285714285,1,4,44.44444444444444,34.45289226801832,101,14.428571428571429
Ryan Burl,35,22,27,5,1,159.09,7,93.82714285714285,6,26,74.28571428571429,34.45289226801832,101,14.428571428571429
Ryan Burl,10,15,30,0,0,66.66,7,93.82714285714285,0,0,0.0,34.45289226801832,101,14.428571428571429
Ryan Burl,1,4,9,0,0,25.0,7,93.82714285714285,0,0,0.0,34.45289226801832,101,14.428571428571429
Ryan Burl,2,7,19,0,0,28.57,7,93.82714285714285,0,0,0.0,34.45289226801832,101,14.428571428571429
Ryan Burl,17,19,30,3,0,89.47,7,93.82714285714285,3,12,70.58823529411765,34.45289226801832,101,14.428571428571429
Sam Curran,6,3,7,0,1,200.0,2,127.27,1,6,100.0,50.0,12,6.0
Sam Curran,6,11,16,0,0,54.54,2,127.27,0,0,0.0,50.0,12,6.0
Scott Edwards (c)†,5,6,8,1,0,83.33,8,87.89,1,4,80.0,31.934523809523807,91,11.375
Scott Edwards (c)†,16,24,33,1,0,66.66,8,87.89,1,4,25.0,31.934523809523807,91,11.375
Scott Edwards (c)†,16,19,42,0,0,84.21,8,87.89,0,0,0.0,31.934523809523807,91,11.375
Scott Edwards (c)†,1,5,5,0,0,20.0,8,87.89,0,0,0.0,31.934523809523807,91,11.375
Scott Edwards (c)†,21,15,16,3,0,140.0,8,87.89,3,12,57.14285714285714,31.934523809523807,91,11.375
Scott Edwards (c)†,5,8,21,0,0,62.5,8,87.89,0,0,0.0,31.934523809523807,91,11.375
Scott Edwards (c)†,12,7,11,2,0,171.42,8,87.89,2,8,66.66666666666666,31.934523809523807,91,11.375
Scott Edwards (c)†,15,20,38,1,0,75.0,8,87.89,1,4,26.666666666666668,31.934523809523807,91,11.375
Sean Williams,31,28,37,3,0,110.71,8,95.41875,3,12,38.70967741935484,29.51403435274403,155,19.375
Sean Williams,1,2,4,0,0,50.0,8,95.41875,0,0,0.0,29.51403435274403,155,19.375
Sean Williams,64,42,75,8,0,152.38,8,95.41875,8,32,50.0,29.51403435274403,155,19.375
Sean Williams,28,23,39,3,0,121.73,8,95.41875,3,12,42.857142857142854,29.51403435274403,155,19.375
Sean Williams,1,1,10,0,0,100.0,8,95.41875,0,0,0.0,29.51403435274403,155,19.375
Sean Williams,7,12,28,0,0,58.33,8,95.41875,0,0,0.0,29.51403435274403,155,19.375
Sean Williams,11,18,22,0,1,61.11,8,95.41875,1,6,54.54545454545454,29.51403435274403,155,19.375
Sean Williams,12,11,24,0,1,109.09,8,95.41875,1,6,50.0,29.51403435274403,155,19.375
Shadab Khan,20,14,26,2,0,142.85,6,130.66,2,8,40.0,64.90497737556561,98,16.333333333333332
Shadab Khan,52,22,31,3,4,236.36,6,130.66,7,36,69.23076923076923,64.90497737556561,98,16.333333333333332
Shadab Khan,5,6,6,1,0,83.33,6,130.66,1,4,80.0,64.90497737556561,98,16.333333333333332
Shadab Khan,17,14,27,0,1,121.42,6,130.66,1,6,35.294117647058826,64.90497737556561,98,16.333333333333332
Shadab Khan,0,0,2,0,0,0.0,6,130.66,0,0,,64.90497737556561,98,16.333333333333332
Shadab Khan,4,2,2,1,0,200.0,6,130.66,1,4,100.0,64.90497737556561,98,16.333333333333332
Shaheen Shah Afridi,1,1,3,0,0,100.0,3,155.5533333333333,0,0,0.0,47.5,22,7.333333333333333
Shaheen Shah Afridi,5,3,8,1,0,166.66,3,155.5533333333333,1,4,80.0,47.5,22,7.333333333333333
Shaheen Shah Afridi,16,8,17,1,1,200.0,3,155.5533333333333,2,10,62.5,47.5,22,7.333333333333333
Shakib Al Hasan (c),1,4,11,0,0,25.0,5,65.22,0,0,0.0,19.732441471571907,44,8.8
Shakib Al Hasan (c),23,20,32,1,0,115.0,5,65.22,1,4,17.391304347826086,19.732441471571907,44,8.8
Shakib Al Hasan (c),13,12,24,2,0,108.33,5,65.22,2,8,61.53846153846154,19.732441471571907,44,8.8
Shakib Al Hasan (c),0,1,4,0,0,0.0,5,65.22,0,0,,19.732441471571907,44,8.8
Shakib Al Hasan (c),7,9,14,0,0,77.77,5,65.22,0,0,0.0,19.732441471571907,44,8.8
Shamarh Brooks,0,3,5,0,0,0.0,2,22.22,0,0,,0.0,4,2.0
Shamarh Brooks,4,9,24,0,0,44.44,2,22.22,0,0,0.0,0.0,4,2.0
Shan Masood,38,28,46,2,1,135.71,7,104.29142857142857,3,14,36.84210526315789,19.41567204725099,175,25.0
Shan Masood,2,6,11,0,0,33.33,7,104.29142857142857,0,0,0.0,19.41567204725099,175,25.0
Shan Masood,52,42,101,5,0,123.8,7,104.29142857142857,5,20,38.46153846153847,19.41567204725099,175,25.0
Shan Masood,44,38,61,3,0,115.78,7,104.29142857142857,3,12,27.27272727272727,19.41567204725099,175,25.0
Shan Masood,3,4,13,0,0,75.0,7,104.29142857142857,0,0,0.0,19.41567204725099,175,25.0
Shan Masood,12,16,35,0,0,75.0,7,104.29142857142857,0,0,0.0,19.41567204725099,175,25.0
Shan Masood,24,14,20,2,0,171.42,7,104.29142857142857,2,8,33.33333333333333,19.41567204725099,175,25.0
Shariz Ahmad,16,11,18,2,0,145.45,2,128.975,2,8,50.0,47.22222222222222,25,12.5
Shariz Ahmad,9,8,9,1,0,112.5,2,128.975,1,4,44.44444444444444,47.22222222222222,25,12.5
Sikandar Raza,40,23,34,3,2,173.91,8,110.53875,5,24,60.0,57.85712387936204,219,27.375
Sikandar Raza,0,3,4,0,0,0.0,8,110.53875,0,0,,57.85712387936204,219,27.375
Sikandar Raza,0,2,3,0,0,0.0,8,110.53875,0,0,,57.85712387936204,219,27.375
Sikandar Raza,34,24,53,3,0,141.66,8,110.53875,3,12,35.294117647058826,57.85712387936204,219,27.375
Sikandar Raza,40,24,46,3,3,166.66,8,110.53875,6,30,75.0,57.85712387936204,219,27.375
Sikandar Raza,9,16,22,1,0,56.25,8,110.53875,1,4,44.44444444444444,57.85712387936204,219,27.375
Sikandar Raza,82,48,72,5,5,170.83,8,110.53875,10,50,60.97560975609756,57.85712387936204,219,27.375
Sikandar Raza,14,8,12,1,1,175.0,8,110.53875,2,10,71.42857142857143,57.85712387936204,219,27.375
Simi Singh,0,1,1,0,0,0.0,2,43.75,0,0,,57.14285714285714,7,3.5
Simi Singh,7,8,9,1,0,87.5,2,43.75,1,4,57.14285714285714,57.14285714285714,7,3.5
Soumya Sarkar,0,2,9,0,0,0.0,4,116.91,0,0,,62.38095238095238,49,12.25
Soumya Sarkar,20,17,38,1,1,117.64,4,116.91,2,10,50.0,62.38095238095238,49,12.25
Soumya Sarkar,14,14,24,2,0,100.0,4,116.91,2,8,57.14285714285714,62.38095238095238,49,12.25
Soumya Sarkar,15,6,11,0,2,250.0,4,116.91,2,12,80.0,62.38095238095238,49,12.25
Stephan Baard,4,6,9,1,0,66.66,3,87.11666666666667,1,4,100.0,43.58974358974359,49,16.333333333333332
Stephan Baard,19,22,46,0,0,86.36,3,87.11666666666667,0,0,0.0,43.58974358974359,49,16.333333333333332
Stephan Baard,26,24,49,2,0,108.33,3,87.11666666666667,2,8,30.76923076923077,43.58974358974359,49,16.333333333333332
Stephan Myburgh,6,11,13,1,0,54.54,3,97.38333333333333,1,4,66.66666666666666,72.44744744744744,51,17.0
Stephan Myburgh,37,30,41,7,0,123.33,3,97.38333333333333,7,28,75.67567567567568,72.44744744744744,51,17.0
Stephan Myburgh,8,7,15,0,1,114.28,3,97.38333333333333,1,6,75.0,72.44744744744744,51,17.0
Steven Smith,4,4,6,1,0,100.0,1,100.0,1,4,100.0,100.0,4,4.0
Suryakumar Yadav,68,40,68,6,3,170.0,6,182.58333333333334,9,42,61.76470588235294,64.20252253907027,239,39.833333333333336
Suryakumar Yadav,61,25,44,6,4,244.0,6,182.58333333333334,10,48,78.68852459016394,64.20252253907027,239,39.833333333333336
Suryakumar Yadav,51,25,38,7,1,204.0,6,182.58333333333334,8,34,66.66666666666666,64.20252253907027,239,39.833333333333336
Suryakumar Yadav,15,10,11,2,0,150.0,6,182.58333333333334,2,8,53.333333333333336,64.20252253907027,239,39.833333333333336
Suryakumar Yadav,14,10,14,1,1,140.0,6,182.58333333333334,2,10,71.42857142857143,64.20252253907027,239,39.833333333333336
Suryakumar Yadav,30,16,18,4,0,187.5,6,182.58333333333334,4,16,53.333333333333336,64.20252253907027,239,39.833333333333336
Tabraiz Shamsi,1,1,3,0,0,100.0,1,100.0,0,0,0.0,0.0,1,1.0
Taskin Ahmed,0,1,3,0,0,0.0,4,62.559999999999995,0,0,,41.111111111111114,23,5.75
Taskin Ahmed,12,7,22,1,1,171.42,4,62.559999999999995,2,10,83.33333333333334,41.111111111111114,23,5.75
Taskin Ahmed,10,17,22,1,0,58.82,4,62.559999999999995,1,4,40.0,41.111111111111114,23,5.75
Taskin Ahmed,1,5,8,0,0,20.0,4,62.559999999999995,0,0,0.0,41.111111111111114,23,5.75
Temba Bavuma (c),20,20,26,2,0,100.0,5,97.89200000000001,2,8,40.0,32.22222222222222,70,14.0
Temba Bavuma (c),2,6,6,0,0,33.33,5,97.89200000000001,0,0,0.0,32.22222222222222,70,14.0
Temba Bavuma (c),2,2,26,0,0,100.0,5,97.89200000000001,0,0,0.0,32.22222222222222,70,14.0
Temba Bavuma (c),36,19,39,4,1,189.47,5,97.89200000000001,5,22,61.111111111111114,32.22222222222222,70,14.0
Temba Bavuma (c),10,15,30,0,1,66.66,5,97.89200000000001,1,6,60.0,32.22222222222222,70,14.0
Tendai Chatara,3,8,12,0,0,37.5,3,74.40333333333332,0,0,0.0,33.333333333333336,13,4.333333333333333
Tendai Chatara,4,4,11,1,0,100.0,3,74.40333333333332,1,4,100.0,33.333333333333336,13,4.333333333333333
Tendai Chatara,6,7,15,0,0,85.71,3,74.40333333333332,0,0,0.0,33.333333333333336,13,4.333333333333333
Tim David,15,10,15,2,0,150.0,2,143.75,2,8,53.333333333333336,53.93939393939394,26,13.0
Tim David,11,8,12,0,1,137.5,2,143.75,1,6,54.54545454545454,53.93939393939394,26,13.0
Tim Pringle,15,16,26,0,0,93.75,6,74.18666666666667,0,0,0.0,8.333333333333334,51,8.5
Tim Pringle,20,15,14,1,1,133.33,6,74.18666666666667,2,10,50.0,8.333333333333334,51,8.5
Tim Pringle,1,6,5,0,0,16.66,6,74.18666666666667,0,0,0.0,8.333333333333334,51,8.5
Tim Pringle,8,9,14,0,0,88.88,6,74.18666666666667,0,0,0.0,8.333333333333334,51,8.5
Tim Pringle,5,8,15,0,0,62.5,6,74.18666666666667,0,0,0.0,8.333333333333334,51,8.5
Tim Pringle,2,4,8,0,0,50.0,6,74.18666666666667,0,0,0.0,8.333333333333334,51,8.5
Tim Southee,4,1,1,1,0,400.0,2,225.0,1,4,100.0,50.0,5,2.5
Tim Southee,1,2,7,0,0,50.0,2,225.0,0,0,0.0,50.0,5,2.5
Timm van der Gugten,0,1,2,0,0,0.0,1,0.0,0,0,,,0,0.0
Tom Cooper,0,0,2,0,0,0.0,8,81.72,0,0,,31.079931972789115,107,13.375
Tom Cooper,6,6,7,1,0,100.0,8,81.72,1,4,66.66666666666666,31.079931972789115,107,13.375
Tom Cooper,35,19,30,2,2,184.21,8,81.72,4,20,57.14285714285714,31.079931972789115,107,13.375
Tom Cooper,9,12,12,0,0,75.0,8,81.72,0,0,0.0,31.079931972789115,107,13.375
Tom Cooper,8,16,22,0,0,50.0,8,81.72,0,0,0.0,31.079931972789115,107,13.375
Tom Cooper,1,2,4,0,0,50.0,8,81.72,0,0,0.0,31.079931972789115,107,13.375
Tom Cooper,16,19,23,2,0,84.21,8,81.72,2,8,50.0,31.079931972789115,107,13.375
Tom Cooper,32,29,42,2,1,110.34,8,81.72,3,14,43.75,31.079931972789115,107,13.375
Tony Munyonga,2,6,12,0,0,33.33,2,79.16499999999999,0,0,0.0,40.0,7,3.5
Tony Munyonga,5,4,6,1,0,125.0,2,79.16499999999999,1,4,80.0,40.0,7,3.5
Tristan Stubbs,18,18,28,0,1,100.0,3,100.0,1,6,33.33333333333333,52.38095238095237,31,10.333333333333334
Tristan Stubbs,6,6,15,1,0,100.0,3,100.0,1,4,66.66666666666666,52.38095238095237,31,10.333333333333334
Tristan Stubbs,7,7,9,1,0,100.0,3,100.0,1,4,57.14285714285714,52.38095238095237,31,10.333333333333334
Usman Ghani,27,27,54,2,1,100.0,3,76.19,3,14,51.85185185185185,30.61728395061728,59,19.666666666666668
Usman Ghani,30,30,60,3,0,100.0,3,76.19,3,12,40.0,30.61728395061728,59,19.666666666666668
Usman Ghani,2,7,16,0,0,28.57,3,76.19,0,0,0.0,30.61728395061728,59,19.666666666666668
Vikramjit Singh,0,1,4,0,0,0.0,5,65.952,0,0,,35.38461538461539,57,11.4
Vikramjit Singh,10,7,8,2,0,142.85,5,65.952,2,8,80.0,35.38461538461539,57,11.4
Vikramjit Singh,7,14,18,0,0,50.0,5,65.952,0,0,0.0,35.38461538461539,57,11.4
Vikramjit Singh,1,9,13,0,0,11.11,5,65.952,0,0,0.0,35.38461538461539,57,11.4
Vikramjit Singh,39,31,37,3,2,125.8,5,65.952,5,24,61.53846153846154,35.38461538461539,57,11.4
Virat Kohli,50,40,75,4,1,125.0,6,129.85833333333332,5,22,44.0,49.676193370184315,296,49.333333333333336
Virat Kohli,62,44,79,3,2,140.9,6,129.85833333333332,5,24,38.70967741935484,49.676193370184315,296,49.333333333333336
Virat Kohli,26,25,36,2,0,104.0,6,129.85833333333332,2,8,30.76923076923077,49.676193370184315,296,49.333333333333336
Virat Kohli,64,44,84,8,1,145.45,6,129.85833333333332,9,38,59.375,49.676193370184315,296,49.333333333333336
Virat Kohli,82,53,98,6,4,154.71,6,129.85833333333332,10,48,58.536585365853654,49.676193370184315,296,49.333333333333336
Virat Kohli,12,11,13,2,0,109.09,6,129.85833333333332,2,8,66.66666666666666,49.676193370184315,296,49.333333333333336
Vriitya Aravind †,18,21,37,0,0,85.71,3,67.11,0,0,0.0,27.51322751322751,48,16.0
Vriitya Aravind †,9,18,26,1,0,50.0,3,67.11,1,4,44.44444444444444,27.51322751322751,48,16.0
Vriitya Aravind †,21,32,34,2,0,65.62,3,67.11,2,8,38.095238095238095,27.51322751322751,48,16.0
Wanindu Hasaranga,1,4,8,0,0,25.0,6,72.22,0,0,0.0,24.074074074074076,25,4.166666666666667
Wanindu Hasaranga,4,6,6,1,0,66.66,6,72.22,1,4,100.0,24.074074074074076,25,4.166666666666667
Wanindu Hasaranga,4,8,9,0,0,50.0,6,72.22,0,0,0.0,24.074074074074076,25,4.166666666666667
Wanindu Hasaranga,9,9,13,1,0,100.0,6,72.22,1,4,44.44444444444444,24.074074074074076,25,4.166666666666667
Wanindu Hasaranga,5,4,8,0,0,125.0,6,72.22,0,0,0.0,24.074074074074076,25,4.166666666666667
Wanindu Hasaranga,2,3,3,0,0,66.66,6,72.22,0,0,0.0,24.074074074074076,25,4.166666666666667
Wayne Parnell,2,5,11,0,0,40.0,4,28.75,0,0,0.0,0.0,5,1.25
Wayne Parnell,0,2,3,0,0,0.0,4,28.75,0,0,,0.0,5,1.25
Wayne Parnell,0,2,2,0,0,0.0,4,28.75,0,0,,0.0,5,1.25
Wayne Parnell,3,4,9,0,0,75.0,4,28.75,0,0,0.0,0.0,5,1.25
Wellington Masakadza,1,7,8,0,0,14.28,1,14.28,0,0,0.0,0.0,1,1.0
Wessly Madhevere,1,5,9,0,0,20.0,8,92.05125,0,0,0.0,62.13988625753331,106,13.25
Wessly Madhevere,4,3,1,1,0,133.33,8,92.05125,1,4,100.0,62.13988625753331,106,13.25
Wessly Madhevere,22,19,22,4,0,115.78,8,92.05125,4,16,72.72727272727273,62.13988625753331,106,13.25
Wessly Madhevere,0,1,1,0,0,0.0,8,92.05125,0,0,,62.13988625753331,106,13.25
Wessly Madhevere,17,13,30,3,0,130.76,8,92.05125,3,12,70.58823529411765,62.13988625753331,106,13.25
Wessly Madhevere,27,19,37,3,1,142.1,8,92.05125,4,18,66.66666666666666,62.13988625753331,106,13.25
Wessly Madhevere,0,5,8,0,0,0.0,8,92.05125,0,0,,62.13988625753331,106,13.25
Wessly Madhevere,35,18,37,4,1,194.44,8,92.05125,5,22,62.857142857142854,62.13988625753331,106,13.25
Yasir Ali,3,5,9,0,0,60.0,3,64.44333333333333,0,0,0.0,0.0,5,1.6666666666666667
Yasir Ali,1,1,3,0,0,100.0,3,64.44333333333333,0,0,0.0,0.0,5,1.6666666666666667
Yasir Ali,1,3,8,0,0,33.33,3,64.44333333333333,0,0,0.0,0.0,5,1.6666666666666667
Zahoor Khan,1,1,15,0,0,100.0,1,100.0,0,0,0.0,0.0,1,1.0
Zane Green †,2,3,3,0,0,66.66,1,66.66,0,0,0.0,0.0,2,2.0
Zawar Farid,2,4,8,0,0,50.0,1,50.0,0,0,0.0,0.0,2,2.0
